event,photons,edep_MeV,gamma_nuclear,electron_nuclear,muon_nuclear,neutrons,protons,charged_pions,secondary_muons,primary_decay_e,primary_nuclear,primary_death_ns,primary_range_mm,primary_stop_ns,primary_decay_e_ke_MeV
0,0,29.99999999890792,0,0,0,0,7,0,0,0,0,17163.01712788444,615.063690629806,-1,-1
1,34,17.90539672060446,0,0,0,1,13,0,0,0,0,4.594545202055782,337.7646683056373,-1,-1
2,0,29.9999999999925,0,0,0,0,13,0,0,0,0,71980.50023791872,595.3757095320682,-1,-1
3,0,29.99999999992294,0,0,0,0,12,0,0,0,0,87467.12901285035,325.7950308831769,-1,-1
4,406,30.10461385713491,0,0,0,1,6,0,0,0,0,10.50348531832406,676.209865486034,-1,-1
5,33,17.81993006422764,0,0,0,1,8,0,0,0,0,0.5885280552761362,43.55010866258702,-1,-1
6,1604,17.84595830339105,0,0,0,1,9,0,0,0,0,2.646657435747416,195.524632445867,-1,-1
7,100,20.45027762400355,0,0,0,1,1,0,0,0,0,0.7606792934299759,56.28901730217761,-1,-1
8,0,29.99999999999556,0,0,0,0,6,0,0,0,0,416265.7032020257,468.5273414857671,-1,-1
9,0,22.85549260759443,0,0,0,1,5,0,0,0,0,3.23556978274966,239.2966943952412,-1,-1
10,164,22.8900133637689,0,0,0,1,9,0,0,0,0,10.8454007905774,793.7212780236373,-1,-1
11,1416,30.03623762266479,0,0,0,2,4,0,0,0,0,11.38413717286449,828.718908389965,-1,-1
12,0,30.10825932690736,0,0,0,0,8,0,0,0,0,164990.0439765406,546.3633119166734,-1,-1
13,438,15.32998200805268,0,0,0,0,0,0,0,0,0,2.412766249963587,178.2608436781362,-1,-1
14,5,22.87053869290182,0,0,0,1,7,0,0,0,0,6.179621993347961,436.2476176888255,-1,-1
15,587,17.78644542822107,0,0,0,1,7,0,0,0,0,0.8293423851672042,61.36997322170881,-1,-1
16,0,29.99999999997636,0,0,0,0,4,0,0,0,0,469904.3567199295,499.7513705521119,-1,-1
17,687,17.8476988379019,0,0,0,1,15,0,0,0,0,2.889398666257477,213.810751682868,-1,-1
18,0,29.99999999999898,0,0,0,0,11,0,0,0,0,957198.8732463839,479.048063597976,-1,-1
19,747,22.83315869712496,0,0,0,1,8,0,0,0,0,0.5471910087011528,40.49123516625679,-1,-1
20,0,30.16362701691474,0,0,0,0,11,0,0,0,0,292650.5273361916,1200.249988590194,-1,-1
21,0,30.27201148159169,0,0,0,0,8,0,0,0,0,163538.1639403309,2529.991352979122,-1,-1
22,0,29.99999999998726,0,0,0,0,8,0,0,0,0,217529.1767963997,484.3969314761257,-1,-1
23,825,17.87128459071745,0,0,0,1,6,0,0,0,0,1.975013539662824,146.1477553895709,-1,-1
24,143,30.04231835332347,0,0,0,1,15,0,0,0,0,0.3962720087354926,23.59204327325406,-1,-1
25,0,30.08161158817147,0,0,0,0,13,0,0,0,0,91272.77184412576,781.9839502744702,-1,-1
26,215,30.00435430367745,0,0,0,1,10,0,0,0,0,2.120530764424017,156.9157908193426,-1,-1
27,1776,29.94438634408902,0,0,0,1,11,0,0,0,0,4.151207129487823,209.4758922571679,-1,-1
28,689,22.77517350581182,0,0,0,1,8,0,0,0,0,0.6632771288771941,49.08141723584849,-1,-1
29,0,29.99999999891805,0,0,0,0,14,0,0,0,0,32583.39858526857,760.0075863775999,-1,-1
30,0,29.99999999658053,0,0,0,0,9,0,0,0,0,50231.05567763243,700.7257531438834,-1,-1
31,1604,29.96374607096541,0,0,0,1,7,0,0,0,0,0.1910346988420822,11.10135303095607,-1,-1
32,591,22.82218382444789,0,0,0,1,8,0,0,0,0,3.320140263008842,240.7318425091614,-1,-1
33,1149,30.04667881140258,0,0,0,1,10,0,0,0,0,20.75652614968508,1079.327826088406,-1,-1
34,681,22.83000302264919,0,0,0,2,12,0,0,0,0,17.75150198897705,1311.428739520517,-1,-1
35,0,29.99999999976965,0,0,0,0,12,0,0,0,0,85315.04842379721,718.3626187431871,-1,-1
36,1017,25.03445959020947,0,0,0,1,7,0,0,0,0,7.531054301838553,557.2856387195096,-1,-1
37,442,22.83575363174852,0,0,0,1,5,0,0,0,0,6.059101357507384,446.9738215429718,-1,-1
38,21,17.86130934017195,0,0,0,1,11,0,0,0,0,0.7986084565267887,59.09571302303352,-1,-1
39,611,30.15690635708209,0,0,0,1,4,0,0,0,0,3.201537756097109,236.4179620068162,-1,-1
40,8,17.87371618109486,0,0,0,1,12,0,0,0,0,1.142709354743337,84.55861385482693,-1,-1
41,1492,30.10984765788301,0,0,0,1,11,0,0,0,0,5.727233584345697,326.6154795735172,-1,-1
42,0,30.03152951230892,0,0,0,0,11,0,0,0,0,168317.0512357781,419.373512983284,-1,-1
43,0,30.03903390102896,0,0,0,0,9,0,0,0,0,59805.1866105725,353.3359550618001,-1,-1
44,0,29.99999999971077,0,0,0,0,6,0,0,0,0,47468.04112621871,446.2134688565231,-1,-1
45,282,20.09400108137512,0,0,0,1,7,0,0,0,0,1.129281961718771,83.5650088430816,-1,-1
46,411,29.97091310586267,0,0,0,1,12,0,0,0,0,3.362346887041413,202.2767231251677,-1,-1
47,567,17.86601020039069,0,0,0,1,7,0,0,0,0,3.141413321798469,220.6790769789939,-1,-1
48,1567,29.95354809787245,0,0,0,2,14,0,0,0,0,1.729287989158712,127.9644685781936,-1,-1
49,0,30.08131761976089,0,0,0,0,11,0,0,0,0,438957.3048473576,488.2828226723624,-1,-1
50,291,14.39526134170816,0,0,0,2,16,0,0,0,0,3.026774865551416,223.5210143900861,-1,-1
51,1330,22.66888952943999,0,0,0,2,7,0,0,0,0,0.4210160351379887,31.15449453016829,-1,-1
52,373,29.93938404044724,0,0,0,1,12,0,0,0,0,7.567636287068103,501.6542439577211,-1,-1
53,0,30.00473422612186,0,0,0,0,14,0,0,0,0,213331.6862871216,951.6398304158073,-1,-1
54,310,14.26095494856538,0,0,0,2,10,0,0,0,0,1.773611395807492,131.2443278109786,-1,-1
55,0,30.0759580178288,0,0,0,0,8,0,0,0,0,136238.4234012848,886.6572203245896,-1,-1
56,0,22.8588940754463,0,0,0,1,9,0,0,0,0,1.32503790387484,81.41910553224311,-1,-1
57,2093,30.04898632675152,0,0,0,3,17,0,0,0,0,0.2370324878003643,17.54001446103664,-1,-1
58,0,29.99999999995169,0,0,0,0,5,0,0,0,0,259361.3877372212,301.2883315290794,-1,-1
59,648,17.85138309606463,0,0,0,1,7,0,0,0,0,5.058890262517799,372.5608289151213,-1,-1
60,674,14.35501028625066,0,0,0,2,17,0,0,0,0,0.04544405899497258,3.362785664264526,-1,-1
61,1376,30.08254098845632,0,0,0,1,10,0,0,0,0,5.205216211667151,382.6160603363117,-1,-1
62,835,17.9191489203559,0,0,0,1,8,0,0,0,0,5.090881808040284,376.7168853564962,-1,-1
63,0,29.99999999995953,0,0,0,0,12,0,0,0,0,72366.34865422234,993.7848332688621,-1,-1
64,834,17.92113665808812,0,0,0,2,10,0,0,0,0,1.214869495500287,89.58703648440689,-1,-1
65,0,22.9260633465416,0,0,0,1,8,0,0,0,0,7.118272046558821,509.9659670668215,-1,-1
66,845,17.94509499617824,0,0,0,1,8,0,0,0,0,8.569892030958341,619.8879109960884,-1,-1
67,296,22.75538125780062,0,0,0,2,8,0,0,0,0,0.6509751817077625,48.1710933673648,-1,-1
68,0,30.05037193888595,0,0,0,0,13,0,0,0,0,34354.29667511861,1027.917220864592,-1,-1
69,88,22.92862503215655,0,0,0,2,11,0,0,0,0,5.872448277032882,434.3216267652672,-1,-1
70,948,22.83263430397802,0,0,0,1,10,0,0,0,0,6.264856194002818,463.589060127797,-1,-1
71,1449,22.83973306182349,0,0,0,1,12,0,0,0,0,1.967176309862617,145.3705657058522,-1,-1
72,1103,17.91937442274065,0,0,0,1,8,0,0,0,0,3.738304751865581,276.6284065782121,-1,-1
73,1972,22.86020910094376,0,0,0,2,7,0,0,0,0,0.9723376979794092,71.9513913127975,-1,-1
74,0,15.50515255317575,0,0,0,2,8,0,0,0,0,0.3014042454250233,22.30341871037232,-1,-1
75,0,22.88529318366005,0,0,0,1,4,0,0,0,0,5.309127011380253,330.8263677764621,-1,-1
76,877,22.83344516024521,0,0,0,1,6,0,0,0,0,3.297990614521289,244.0458842071758,-1,-1
77,0,30.04731605679866,0,0,0,0,8,0,0,0,0,244479.9566103663,2470.781205045115,-1,-1
78,0,22.82678248291959,0,0,0,1,9,0,0,0,0,1.678363028017011,121.999770639068,-1,-1
79,0,22.78166205100998,0,0,0,1,9,0,0,0,0,5.758628434375082,357.5489663188422,-1,-1
80,910,17.85136886056364,0,0,0,2,8,0,0,0,0,2.420189039549216,179.0900105975699,-1,-1
81,1,22.8309265561772,0,0,0,1,7,0,0,0,0,4.950734516041686,366.3462161240116,-1,-1
82,521,18.03174901202799,0,0,0,1,17,0,0,0,0,2.7215657113448,201.3913889046896,-1,-1
83,0,22.83879190082336,0,0,0,1,9,0,0,0,0,2.318712723291061,159.4578025559923,-1,-1
84,3198,30.06342179777635,0,0,0,2,9,0,0,0,0,0.9072759577840348,66.95737278651895,-1,-1
85,1348,22.76704201273481,0,0,0,2,11,0,0,0,0,1.434009721757061,105.9781226281528,-1,-1
86,0,30.04518123757677,0,0,0,0,6,0,0,0,0,1412423.518834598,1268.907991589211,-1,-1
87,0,30.07196938940641,0,0,0,0,6,0,0,0,0,62324.7962036448,293.2177464982591,-1,-1
88,752,22.89451480589234,0,0,0,1,11,0,0,0,0,7.387521825572463,543.6386519685412,-1,-1
89,663,17.9585807074409,0,0,0,1,6,0,0,0,0,8.173161034746093,597.9736568096032,-1,-1
90,195,17.8323414275,0,0,0,1,14,0,0,0,0,3.671070816247413,270.0406777204735,-1,-1
91,1334,17.95211610934989,0,0,0,1,8,0,0,0,0,0.9232266696875193,68.31725594835906,-1,-1
92,175,17.85859326796859,0,0,0,1,6,0,0,0,0,0.450518235136522,33.26665457010438,-1,-1
93,0,30.12039416153139,0,0,0,0,9,0,0,0,0,1425296.477321574,1105.800670214123,-1,-1
94,358,32.26506943486213,0,0,0,0,13,0,0,0,0,3060.896604128706,1310.232552891526,-1,-1
95,1,22.98004413298986,0,0,0,1,10,0,0,0,0,18.47570392072821,1333.921997399834,-1,-1
96,0,29.99999999985923,0,0,0,0,7,0,0,0,0,95705.82327684382,377.1624568895591,-1,-1
97,803,14.30922357500882,0,0,0,2,13,0,0,0,0,0.4496999145554806,33.27705445623707,-1,-1
98,2208,29.98891374358818,0,0,0,1,5,0,0,0,0,6.784709547345601,437.0558070379848,-1,-1
99,0,29.99999999998908,0,0,0,0,14,0,0,0,0,343671.686563781,970.9316528883132,-1,-1
100,453,27.75560553014996,0,0,0,0,1,0,0,0,0,2.548579539880195,131.8621400375926,-1,-1
101,1,17.99533589381809,0,0,0,1,6,0,0,0,0,9.778892193438899,674.8307259444732,-1,-1
102,0,29.99999999999738,0,0,0,0,8,0,0,0,0,1850075.805319896,622.0819427819513,-1,-1
103,0,29.99999999999076,0,0,0,0,3,0,0,0,0,402453.9550381992,244.6747760949776,-1,-1
104,0,29.99999999998408,0,0,0,0,7,0,0,0,0,208257.1557939057,321.2513521518985,-1,-1
105,0,30.06544671114171,0,0,0,0,7,0,0,0,0,84531.35862446643,234.6239982425188,-1,-1
106,1041,17.89020620646804,0,0,0,1,8,0,0,0,0,6.97803295967779,513.8956079645094,-1,-1
107,0,15.5792532682545,0,0,0,1,5,0,0,0,0,0.5286954381053869,38.93977576900278,-1,-1
108,18,22.77771146073753,0,0,0,1,7,0,0,0,0,0.240657727605046,17.80827624738045,-1,-1
109,1033,17.78449307344503,0,0,0,2,10,0,0,0,0,6.575751740510468,485.7836191817556,-1,-1
110,641,14.3066536122914,0,0,0,2,11,0,0,0,0,3.669392937334353,271.5290455807777,-1,-1
111,1253,30.05956939868196,0,0,0,1,10,0,0,0,0,6.1316176375745,409.3753392020392,-1,-1
112,0,29.99999999999737,0,0,0,0,8,0,0,0,0,817914.1378139898,1021.310817840599,-1,-1
113,170,30.13334019941104,0,0,0,1,10,0,0,0,0,8.795071600341419,559.2119471353029,-1,-1
114,517,9.215057852712622,0,0,0,1,6,0,0,0,0,10.34731729699998,765.6091949486437,-1,-1
115,0,29.99999999999614,0,0,0,0,11,0,0,0,0,755520.9696786082,687.1395155073953,-1,-1
116,15,22.77639689067136,0,0,0,1,9,0,0,0,0,1.988181615762389,147.08554218403,-1,-1
117,0,30.11597143091343,0,0,0,0,12,0,0,0,0,25063.80405930988,804.9716068606061,-1,-1
118,1011,29.9819424915088,0,0,0,1,12,0,0,0,0,13.60831863521052,932.6997811740051,-1,-1
119,2378,22.74991569004906,0,0,0,2,5,0,0,0,0,1.807743172468578,133.7700231777696,-1,-1
120,62,17.8951321400588,0,0,0,1,7,0,0,0,0,4.726696170233546,345.1649097003571,-1,-1
121,0,30.05862636163483,0,0,0,0,8,0,0,0,0,474865.3831267285,763.4455243708995,-1,-1
122,220,22.90846878047696,0,0,0,1,15,0,0,0,0,2.78299540003958,205.3962795728754,-1,-1
123,0,29.99999999998979,0,0,0,0,11,0,0,0,0,278308.6291569478,435.1798079263145,-1,-1
124,785,29.98254872359333,0,0,0,1,8,0,0,0,0,2.953264849410062,218.5367442523381,-1,-1
125,586,20.1200726269019,0,0,0,1,12,0,0,0,0,1.663519941771913,122.9804161537318,-1,-1
126,125,17.86793279374949,0,0,0,1,15,0,0,0,0,7.109633703132327,526.1012071503171,-1,-1
127,0,30.13041460907995,0,0,0,0,5,0,0,0,0,303321.8011276766,298.5663466987344,-1,-1
128,1722,22.79086509796563,0,0,0,1,6,0,0,0,0,6.066286723481919,432.5359644085232,-1,-1
129,915,17.93283416033572,0,0,0,2,8,0,0,0,0,5.053816222761202,373.9000695388551,-1,-1
130,0,30.04454855498869,0,0,0,0,12,0,0,0,0,98196.814350744,1112.370057745694,-1,-1
131,0,29.99999999998796,0,0,0,0,7,0,0,0,0,223391.1924751874,555.7437941416888,-1,-1
132,2249,17.81734744568968,0,0,0,1,9,0,0,0,0,8.751138109529842,647.0716840403846,-1,-1
133,466,18.04708162340998,0,0,0,2,8,0,0,0,0,0.746407297057981,55.2329130310893,-1,-1
134,2396,30.07170172782025,0,0,0,2,7,0,0,0,0,4.775405993869781,349.481077898604,-1,-1
135,403,22.77063559286864,0,0,0,1,11,0,0,0,0,2.195449441138931,162.4596497442342,-1,-1
136,407,17.8417135392193,0,0,0,1,12,0,0,0,0,1.362433684046061,100.8178530383488,-1,-1
137,0,29.99999999989803,0,0,0,0,8,0,0,0,0,131937.2599482955,747.0645526057407,-1,-1
138,0,29.99999999997226,0,0,0,0,5,0,0,0,0,389413.2044627952,884.1408624560479,-1,-1
139,3313,29.95863745108586,0,0,0,2,8,0,0,0,0,2.949668748199649,218.270638674072,-1,-1
140,18,22.99062255161384,0,0,0,1,9,0,0,0,0,4.73441001589243,339.6235539489807,-1,-1
141,0,30.02687418848062,0,0,0,0,10,0,0,0,0,162672.2931105189,345.1575854509046,-1,-1
142,0,30.08650776398036,0,0,0,0,13,0,0,0,0,13340.77414803789,1092.420638141131,-1,-1
143,264,22.86849013788697,0,0,0,2,8,0,0,0,0,1.238591731833916,90.66664955172483,-1,-1
144,0,29.99999999941976,0,0,0,0,7,0,0,0,0,19698.38666996825,241.2184283998763,-1,-1
145,1968,30.07162758478727,0,0,0,1,6,0,0,0,0,6.814589502291959,489.28818458319,-1,-1
146,1185,17.85970925621004,0,0,0,1,9,0,0,0,0,10.81872278195571,785.2928393737275,-1,-1
147,0,14.2529222292795,0,0,0,2,13,0,0,0,0,1.833690107613258,135.6900537266645,-1,-1
148,804,25.05664506407214,0,0,0,1,9,0,0,0,0,6.765647332883487,500.646781199872,-1,-1
149,0,29.99999999958958,0,0,0,0,9,0,0,0,0,51169.36851277296,1193.531007877289,-1,-1
150,0,30.1150287632043,0,0,0,0,9,0,0,0,0,84921.85820401506,1065.068439014744,-1,-1
151,1046,22.91202357300271,0,0,0,2,11,0,0,0,0,0.9411084551290982,69.64047867679201,-1,-1
152,89,17.87300048059046,0,0,0,1,11,0,0,0,0,5.2484163963703,372.5735032087175,-1,-1
153,713,22.8183572563837,0,0,0,1,8,0,0,0,0,3.03619283739902,224.6732790457293,-1,-1
154,6,17.86658951540352,0,0,0,1,8,0,0,0,0,3.069710858422833,226.8310262492036,-1,-1
155,0,30.04722910146893,0,0,0,0,7,0,0,0,0,217218.161617016,720.5795839032744,-1,-1
156,1501,22.79619826778269,0,0,0,2,13,0,0,0,0,1.321631650039029,97.79856959258841,-1,-1
157,423,29.9893067495446,0,0,0,1,9,0,0,0,0,11.55615884494368,847.0716171821387,-1,-1
158,540,22.89463570100139,0,0,0,1,8,0,0,0,0,2.501250450726016,183.0757035563785,-1,-1
159,1183,22.77787361653616,0,0,0,3,10,0,0,0,0,0.8188536896773791,60.59382699687617,-1,-1
160,0,30.00894777752658,0,0,0,0,8,0,0,0,0,325979.9244290447,649.7633414598279,-1,-1
161,1288,30.0898937190593,0,0,0,1,9,0,0,0,0,1.042025799882289,77.10819629966579,-1,-1
162,0,30.0511609865993,0,0,0,0,6,0,0,0,0,275805.9994741279,471.832630316702,-1,-1
163,801,15.49478583613259,0,0,0,0,0,0,0,0,0,4.924797609326825,363.6902814433362,-1,-1
164,0,30.00000000000135,0,0,0,0,4,0,0,0,0,1207631.01192634,150.9108318401261,-1,-1
165,260,32.22437300000181,0,0,0,0,7,0,0,0,0,7066.014214134795,966.0724256825712,-1,-1
166,0,30.08475517602682,0,0,0,0,7,0,0,0,0,209523.3715716347,469.1178693826957,-1,-1
167,592,22.82149915383341,0,0,0,1,10,0,0,0,0,4.789884357618324,352.9815770393529,-1,-1
168,0,30.05129519444272,0,0,0,0,12,0,0,0,0,220042.4990704748,585.0866517255668,-1,-1
169,0,15.51674779753595,0,0,0,1,6,0,0,0,0,1.604444927148084,118.7262872075843,-1,-1
170,1184,29.92085404837391,0,0,0,2,8,0,0,0,0,0.9328587516153992,69.03001417771704,-1,-1
171,0,29.9999999999161,0,0,0,0,15,0,0,0,0,209008.1177132262,572.06829892961,-1,-1
172,1145,29.95715100562681,0,0,0,1,5,0,0,0,0,2.924995255324515,172.3652115044167,-1,-1
173,0,29.99999999588944,0,0,0,0,10,0,0,0,0,30498.22339686257,1211.636550563643,-1,-1
174,907,32.26278563985034,0,0,0,1,11,0,0,0,0,3.825496318972916,253.6767250920517,-1,-1
175,0,30.11658919975115,0,0,0,0,10,0,0,0,0,70102.86762267938,1456.527541636317,-1,-1
176,1095,22.80982068774112,0,0,0,1,7,0,0,0,0,1.330882945441204,98.48315024498457,-1,-1
177,1012,17.79888515451876,0,0,0,1,8,0,0,0,0,4.890871839552145,361.9164764666054,-1,-1
178,0,29.9999999935501,0,0,0,0,7,0,0,0,0,15989.48551671079,492.9330353474125,-1,-1
179,1247,22.86343976563778,0,0,0,1,10,0,0,0,0,3.297716813935951,240.6543015850126,-1,-1
180,0,29.99999999742115,0,0,0,0,9,0,0,0,0,61688.57472554325,327.5426194500789,-1,-1
181,410,29.91367190103173,0,0,0,1,7,0,0,0,0,1.867433511763277,136.910508868313,-1,-1
182,275,29.924357965665,0,0,0,1,8,0,0,0,0,8.122291236110492,517.6634761715515,-1,-1
183,1288,29.97270390999135,0,0,0,1,10,0,0,0,0,29.00522184591687,2036.29473239916,-1,-1
184,1091,17.92015212091231,0,0,0,1,7,0,0,0,0,13.77720199423705,1012.526497680529,-1,-1
185,0,30.05891725510954,0,0,0,0,12,0,0,0,0,35833.28093368655,768.6189681131226,-1,-1
186,1329,17.89013255984305,0,0,0,1,18,0,0,0,0,3.184897510533351,235.6771804155561,-1,-1
187,1454,30.01808285774574,0,0,0,1,10,0,0,0,0,2.584007559926246,190.5840115720768,-1,-1
188,0,30.06247597271392,0,0,0,0,12,0,0,0,0,33874.71139939442,633.7658160597614,-1,-1
189,0,7.6662145894035,0,0,0,1,6,0,0,0,0,0.952981585411702,70.51907080054359,-1,-1
190,0,29.9999999999552,0,0,0,0,5,0,0,0,0,83859.29600713165,444.350780343159,-1,-1
191,0,30.06218729552492,0,0,0,0,12,0,0,0,0,1593220.380724661,742.602190323695,-1,-1
192,114,22.86048223412258,0,0,0,1,7,0,0,0,0,9.506680723332018,688.3625777892178,-1,-1
193,621,22.81189549069028,0,0,0,1,9,0,0,0,0,1.657396395246316,122.6446088047417,-1,-1
194,0,17.97866788049256,0,0,0,1,5,0,0,0,0,4.270152765580502,315.8875690604849,-1,-1
195,1380,17.83404328516633,0,0,0,2,8,0,0,0,0,1.647764564098826,121.9318691327203,-1,-1
196,298,22.88609796616178,0,0,0,1,13,0,0,0,0,5.350289322480693,392.6888144456333,-1,-1
197,0,29.99999999998147,0,0,0,0,9,0,0,0,0,230460.2963969031,480.3098665043177,-1,-1
198,238,22.74928572171077,0,0,0,1,7,0,0,0,0,3.66061671517951,269.6812467021834,-1,-1
199,1238,22.738621049522,0,0,0,3,10,0,0,0,0,5.841012684199118,431.8238775317033,-1,-1
