event,photons,edep_MeV,gamma_nuclear,electron_nuclear,muon_nuclear,neutrons,protons,charged_pions,secondary_muons,primary_decay_e,primary_nuclear,primary_death_ns,primary_range_mm,primary_stop_ns,primary_decay_e_ke_MeV,target_z,endpoint_decay,endpoint_capture,endpoint_time_ns,pion_captures,pion_hydrogen,pion_pi0,pion_hard_gamma
0,41406,338.2795029920218,0,0,0,1,11,1,0,0,0,-1,-1,-1,-1,0,0,0,-1,1,1,1,0
1,10725,232.1466164110942,0,0,0,6,37,4,0,0,0,0.6222116621711591,168.021951852622,-1,-1,0,0,0,-1,1,0,0,0
2,53659,318.9432385804564,0,0,0,4,12,0,0,0,0,0.3614630591013862,98.18692532196005,-1,-1,0,0,0,-1,0,0,0,0
3,59576,310.4041620308977,0,0,0,6,14,0,0,0,0,0.3114930479658047,84.60930913743766,-1,-1,0,0,0,-1,0,0,0,0
4,12968,231.9948141071803,0,0,0,8,39,1,0,0,0,-1,-1,-1,-1,0,0,0,-1,0,0,0,0
5,69398,331.0249857488831,0,0,0,2,13,0,0,0,0,0.1265771385276715,34.50181481981413,-1,-1,0,0,0,-1,0,0,0,0
6,5236,295.5689548107297,0,0,0,5,24,0,0,0,0,0.3101265585902622,84.32823426173616,-1,-1,0,0,0,-1,0,0,0,0
7,5575,225.1156980313259,0,0,0,3,11,2,0,0,0,0.3335552000239503,90.63625816825822,-1,-1,0,0,0,-1,1,0,0,0
8,5109,274.2517741866643,0,0,0,7,48,6,0,0,0,0.2696123885781783,73.34178562227808,-1,-1,0,0,0,-1,1,0,0,0
9,12512,296.6994479340752,0,0,0,1,9,3,0,0,0,-1,-1,-1,-1,0,0,0,-1,1,0,0,0
10,14895,303.0763331429742,0,0,0,3,18,6,0,0,0,-1,-1,-1,-1,0,0,0,-1,1,0,0,0
11,12794,231.4946768874904,0,0,0,11,54,0,0,0,0,1.201720880779771,320.5407247091184,-1,-1,0,0,0,-1,0,0,0,0
12,5226,225.0655521119191,0,0,0,10,50,0,0,0,0,0.3005849567914298,81.73757173064223,-1,-1,0,0,0,-1,0,0,0,0
13,54217,326.0987367498101,0,0,0,2,14,0,0,0,0,0.6624103183665367,178.8722692179178,-1,-1,0,0,0,-1,0,0,0,0
14,63721,338.3419948199035,0,0,0,1,6,0,0,0,0,1.367628360993725,362.2023423099184,-1,-1,0,0,0,-1,0,0,0,0
15,18289,288.4191747766116,0,0,0,6,30,0,0,0,0,2.926892134593722,709.082417297101,-1,-1,0,0,0,-1,0,0,0,0
16,13822,280.4240850265716,0,0,0,1,13,5,0,0,0,-1,-1,-1,-1,0,0,0,-1,1,0,0,0
17,14396,261.7378798659282,0,0,0,7,33,0,0,0,0,1.314160752360344,348.0019723960693,-1,-1,0,0,0,-1,0,0,0,0
18,3129,255.3530840115799,0,0,0,5,36,0,0,0,0,0.2812978831395905,76.50620128254512,-1,-1,0,0,0,-1,0,0,0,0
19,6522,244.9431115148524,0,0,0,10,36,1,0,0,0,0.02661166209731243,7.270206067123736,-1,-1,0,0,0,-1,0,0,0,0
20,13499,236.7982361349442,0,0,0,7,41,2,0,0,0,-1,-1,-1,-1,0,0,0,-1,0,0,0,0
21,14370,290.7826808533453,0,0,0,3,14,3,0,0,0,-1,-1,-1,-1,0,0,0,-1,1,0,0,0
22,15752,288.6696020302495,0,0,0,5,18,6,0,0,0,-1,-1,-1,-1,0,0,0,-1,1,0,0,0
23,11733,285.9844733612467,0,0,0,4,21,4,0,0,0,-1,-1,-1,-1,0,0,0,-1,1,0,0,0
24,7850,223.8962587349024,0,0,0,10,50,0,0,0,0,0.7689911821381173,207.4097194750346,-1,-1,0,0,0,-1,0,0,0,0
25,16005,274.9160864881673,0,0,0,5,28,2,0,0,0,-1,-1,-1,-1,0,0,0,-1,0,0,0,0
26,1592,267.1812745694673,0,0,0,5,44,0,0,0,0,0.1089120843495848,29.7115741283573,-1,-1,0,0,0,-1,0,0,0,0
27,16891,290.5838292503617,0,0,0,5,29,0,0,0,0,2.233186000403436,565.6040178259647,-1,-1,0,0,0,-1,0,0,0,0
28,44314,338.2795029975085,0,0,0,1,6,3,0,0,0,-1,-1,-1,-1,0,0,0,-1,1,1,1,0
29,14582,264.2073301262254,0,0,0,5,20,3,0,0,0,-1,-1,-1,-1,0,0,0,-1,1,0,0,0
30,4449,271.6670154354813,0,0,0,4,27,0,0,0,0,0.3908054688728756,105.9528672201038,-1,-1,0,0,0,-1,0,0,0,0
31,10557,267.7512276098749,0,0,0,6,32,5,0,0,0,1.006361819673769,268.8483895293036,-1,-1,0,0,0,-1,1,0,0,0
32,3851,285.5293604031946,0,0,0,6,33,0,0,0,0,0.3738104439187037,101.5604239459356,-1,-1,0,0,0,-1,0,0,0,0
33,14400,306.1026360330698,0,0,0,2,26,2,0,0,0,-1,-1,-1,-1,0,0,0,-1,1,0,0,0
34,56281,326.1458461270572,0,0,0,2,10,1,0,0,0,-1,-1,-1,-1,0,0,0,-1,0,0,0,0
35,3142,283.6891303674858,0,0,0,5,29,4,0,0,0,0.1054165090833504,28.76146653823019,-1,-1,0,0,0,-1,1,0,0,0
36,10397,218.0296133900898,0,0,0,12,53,0,0,0,0,0.4232721094364454,114.8318701594028,-1,-1,0,0,0,-1,0,0,0,0
37,3852,251.3016319384698,0,0,0,7,44,0,0,0,0,0.08621918226317071,23.53281096325045,-1,-1,0,0,0,-1,0,0,0,0
38,15747,257.6548231931817,0,0,0,5,18,4,0,0,0,-1,-1,-1,-1,0,0,0,-1,1,0,0,0
39,44619,338.2432605113901,0,0,0,1,6,3,0,0,0,0.6249217269907693,168.6189361371525,-1,-1,0,0,0,-1,1,1,1,0
40,44165,338.2795030002647,0,0,0,1,4,1,0,0,0,-1,-1,-1,-1,0,0,0,-1,1,1,1,0
41,11825,276.50874299451,0,0,0,5,31,6,0,0,0,0.9195709349943518,246.9235609260861,-1,-1,0,0,0,-1,1,0,0,0
42,14409,287.7645181463392,0,0,0,3,17,1,0,0,0,-1,-1,-1,-1,0,0,0,-1,1,0,0,0
43,63301,318.9933637548814,0,0,0,2,8,0,0,0,0,0.05774305939998417,15.76589864761302,-1,-1,0,0,0,-1,0,0,0,0
44,58465,306.2809338079505,0,0,0,1,11,0,0,0,0,1.058676741215687,283.2479185712826,-1,-1,0,0,0,-1,0,0,0,0
45,16974,300.7640621943014,0,0,0,4,22,4,0,0,0,-1,-1,-1,-1,0,0,0,-1,1,0,0,0
46,44397,338.2795029990508,0,0,0,1,5,4,0,0,0,-1,-1,-1,-1,0,0,0,-1,1,1,1,0
47,6003,253.0718115722132,0,0,0,6,17,2,0,0,0,0.2009366556905837,54.74801643051966,-1,-1,0,0,0,-1,1,0,0,0
48,63363,326.2531555052441,0,0,0,2,14,0,0,0,0,1.043323105111636,278.222537805274,-1,-1,0,0,0,-1,0,0,0,0
49,9884,247.049216290337,0,0,0,7,34,1,0,0,0,-1,-1,-1,-1,0,0,0,-1,0,0,0,0
50,14197,284.4335830537362,0,0,0,1,8,3,0,0,0,-1,-1,-1,-1,0,0,0,-1,1,0,0,0
51,13851,262.9226019924166,0,0,0,1,3,4,0,0,0,0.8368924402677026,225.1625952340618,-1,-1,0,0,0,-1,1,0,0,0
52,7523,277.4272957220678,0,0,0,3,32,4,0,0,0,0.7633057882967322,205.7392259290443,-1,-1,0,0,0,-1,1,0,0,0
53,71662,338.2767529564202,0,0,0,1,7,0,0,0,0,0.07806289567542618,21.30566344347233,-1,-1,0,0,0,-1,0,0,0,0
54,67394,338.2767529814752,0,0,0,1,9,0,0,0,0,0.3730622462098011,101.3242912937911,-1,-1,0,0,0,-1,0,0,0,0
55,24286,227.1861558678833,0,0,0,0,0,3,1,0,0,-1,-1,-1,-1,0,0,0,-1,0,0,0,0
56,60346,315.2477736194383,0,0,0,3,18,0,0,0,0,1.072301545744389,286.4697202727443,-1,-1,0,0,0,-1,0,0,0,0
57,14608,308.0944042018224,0,0,0,2,16,3,0,0,0,-1,-1,-1,-1,0,0,0,-1,1,0,0,0
58,13637,245.5353329926592,0,0,0,9,37,1,0,0,0,1.384803535173562,366.7695341916989,-1,-1,0,0,0,-1,1,0,0,0
59,14759,217.8429462090188,0,0,0,10,40,0,0,0,0,2.43445486158309,612.9776530028184,-1,-1,0,0,0,-1,0,0,0,0
60,14860,281.2623994135257,0,0,0,5,20,2,0,0,0,-1,-1,-1,-1,0,0,0,-1,0,0,0,0
61,6414,241.5936331152141,0,0,0,5,41,2,0,0,0,0.338759067622073,92.02355807451744,-1,-1,0,0,0,-1,1,0,0,0
62,12029,307.7547753638061,0,0,0,2,13,0,0,0,0,1.524696019482895,401.637521193982,-1,-1,0,0,0,-1,0,0,0,0
63,7370,240.2270553095861,0,0,0,6,24,1,0,0,0,-1,-1,-1,-1,0,0,0,-1,0,0,0,0
64,2424,220.3726069215932,0,0,0,8,54,0,0,0,0,0.01945064646898447,5.314470837214568,-1,-1,0,0,0,-1,0,0,0,0
65,14195,238.2050382684887,0,0,0,7,35,1,0,0,0,1.151190769382604,307.1837994313022,-1,-1,0,0,0,-1,0,0,0,0
66,5372,249.9856953540535,0,0,0,5,44,0,0,0,0,0.4158716619263343,112.7318954355897,-1,-1,0,0,0,-1,0,0,0,0
67,14207,290.4126328025451,0,0,0,2,24,3,0,0,0,-1,-1,-1,-1,0,0,0,-1,1,0,0,0
68,56775,309.9923423059527,0,0,0,2,9,0,0,0,0,1.370172922360928,361.1838813683003,-1,-1,0,0,0,-1,0,0,0,0
69,4044,243.0773079034624,0,0,0,9,37,3,0,0,0,0.103508935419056,28.24598281898329,-1,-1,0,0,0,-1,1,0,0,0
70,18572,288.6322870072131,0,0,0,5,16,4,0,0,0,-1,-1,-1,-1,0,0,0,-1,1,0,0,0
71,4912,239.5513774340895,0,0,0,6,34,3,0,0,0,0.4481959979195639,121.4506030458272,-1,-1,0,0,0,-1,1,0,0,0
72,51547,293.0536050753432,0,0,0,4,19,1,0,0,0,-1,-1,-1,-1,0,0,0,-1,0,0,0,0
73,10357,242.676913332517,0,0,0,6,39,0,0,0,0,1.065524178288719,284.9130678713574,-1,-1,0,0,0,-1,0,0,0,0
74,51165,340.6397163342759,0,0,0,1,13,2,0,0,0,-1,-1,-1,-1,0,0,0,-1,0,0,0,0
75,5997,238.394657742539,0,0,0,7,34,2,0,0,0,0.5857418294621317,158.4517229565921,-1,-1,0,0,0,-1,1,0,0,0
76,21866,218.0209556309509,0,0,0,0,0,0,1,0,0,1.882310810186907,488.4849802264107,-1,-1,0,0,0,-1,0,0,0,0
77,14836,298.0458720156561,0,0,0,5,23,4,0,0,0,-1,-1,-1,-1,0,0,0,-1,1,0,0,0
78,8287,214.7093073060378,0,0,0,10,51,1,0,0,0,0.4207012625417584,114.0721307803062,-1,-1,0,0,0,-1,0,0,0,0
79,62996,311.2962541768215,0,0,0,1,11,1,0,0,0,-1,-1,-1,-1,0,0,0,-1,0,0,0,0
80,4681,288.644464135096,0,0,0,3,21,5,0,0,0,0.01446445323578381,3.95231408263156,-1,-1,0,0,0,-1,1,0,0,0
81,14467,274.2129405830753,0,0,0,2,18,4,0,0,0,-1,-1,-1,-1,0,0,0,-1,1,0,0,0
82,15327,234.9375530529228,0,0,0,8,52,0,0,0,0,1.775254315062594,463.7776825786253,-1,-1,0,0,0,-1,0,0,0,0
83,37943,310.5164686059787,0,0,0,3,22,2,0,0,0,0.2401515791764736,65.3122308862992,-1,-1,0,0,0,-1,1,1,1,0
84,12613,253.7571390384989,0,0,0,5,35,5,0,0,0,0.857224499688759,230.3307529400773,-1,-1,0,0,0,-1,1,0,0,0
85,14724,286.3924173428582,0,0,0,2,11,1,0,0,0,-1,-1,-1,-1,0,0,0,-1,0,0,0,0
86,6695,208.5017686608108,0,0,0,7,28,3,0,0,0,0.5311745310995142,143.6630136677954,-1,-1,0,0,0,-1,1,0,0,0
87,58971,303.7876716260369,0,0,0,2,10,0,0,0,0,1.069313725079375,286.280973697902,-1,-1,0,0,0,-1,0,0,0,0
88,8730,288.0298301966232,0,0,0,2,14,0,0,0,0,0.8384987101950291,225.3998815852629,-1,-1,0,0,0,-1,0,0,0,0
89,44769,338.2795030003101,0,0,0,1,9,5,0,0,0,-1,-1,-1,-1,0,0,0,-1,1,1,1,0
90,10233,270.4003673895042,0,0,0,5,36,0,0,0,0,1.247132000761932,331.6593354451205,-1,-1,0,0,0,-1,0,0,0,0
91,14069,274.0969146492382,0,0,0,2,17,3,0,0,0,-1,-1,-1,-1,0,0,0,-1,1,0,0,0
92,41722,272.4544429865926,0,0,0,6,24,1,0,0,0,0.08263900477091569,22.55894814887343,-1,-1,0,0,0,-1,0,0,0,0
93,15900,257.8706166178612,0,0,0,7,23,2,0,0,0,-1,-1,-1,-1,0,0,0,-1,0,0,0,0
94,16231,300.7181642100502,0,0,0,4,15,3,0,0,0,-1,-1,-1,-1,0,0,0,-1,1,0,0,0
95,17087,272.7920813531978,0,0,0,7,37,1,0,0,0,-1,-1,-1,-1,0,0,0,-1,1,0,0,0
96,10966,272.9004717834355,0,0,0,4,33,4,0,0,0,-1,-1,-1,-1,0,0,0,-1,1,0,0,0
97,6756,201.2679545638658,0,0,0,13,59,0,0,0,0,0.1227312355717479,33.43004215069281,-1,-1,0,0,0,-1,0,0,0,0
98,41134,291.2823857584922,0,0,0,2,19,5,0,0,0,-1,-1,-1,-1,0,0,0,-1,1,1,1,0
99,14466,184.9984907558384,0,0,0,4,46,2,1,0,0,1.194082101702011,318.5154913110562,-1,-1,0,0,0,-1,0,0,0,0
100,17612,283.767096804927,0,0,0,5,17,1,0,0,0,-1,-1,-1,-1,0,0,0,-1,1,0,0,0
101,5344,236.1874796001548,0,0,0,4,25,5,0,0,0,0.1633659836737623,44.53729102207774,-1,-1,0,0,0,-1,1,0,0,0
102,32265,250.1668949845897,0,0,0,5,14,4,0,0,0,0.3027473890382564,82.18119485943066,-1,-1,0,0,0,-1,1,1,1,0
103,8014,238.4319164722268,0,0,0,7,28,1,0,0,0,-1,-1,-1,-1,0,0,0,-1,0,0,0,0
104,43638,338.2795030032751,0,0,0,1,5,4,0,0,0,-1,-1,-1,-1,0,0,0,-1,1,1,1,0
105,14795,269.7629155919562,0,0,0,4,22,0,0,0,0,1.425185292188281,377.16344144843,-1,-1,0,0,0,-1,0,0,0,0
106,13148,273.1838086856202,0,0,0,8,24,0,0,0,0,0.9606788352624219,257.4044958550826,-1,-1,0,0,0,-1,0,0,0,0
107,40187,315.2691087571076,0,0,0,3,15,2,0,0,0,0.02828705584412481,7.726201557629094,-1,-1,0,0,0,-1,1,1,1,0
108,10511,295.448206925949,0,0,0,4,13,2,0,0,0,-1,-1,-1,-1,0,0,0,-1,0,0,0,0
109,71955,338.2767529924584,0,0,0,1,5,0,0,0,0,0.4647302015179247,125.9316097198629,-1,-1,0,0,0,-1,0,0,0,0
110,10716,240.356061542693,0,0,0,7,45,0,0,0,0,0.8296494377039563,222.659007860908,-1,-1,0,0,0,-1,0,0,0,0
111,15461,293.0383376709761,0,0,0,4,31,4,0,0,0,-1,-1,-1,-1,0,0,0,-1,1,0,0,0
112,60268,315.3674632152118,0,0,0,3,16,0,0,0,0,0.4017915331258953,109.0639550915701,-1,-1,0,0,0,-1,0,0,0,0
113,44352,338.2795030082485,0,0,0,1,9,3,0,0,0,-1,-1,-1,-1,0,0,0,-1,1,1,1,0
114,43733,338.2795030003438,0,0,0,1,5,3,0,0,0,-1,-1,-1,-1,0,0,0,-1,1,1,1,0
115,13710,211.2158266139648,0,0,0,10,60,1,0,0,0,1.572663757323927,413.6054438298514,-1,-1,0,0,0,-1,0,0,0,0
116,30913,267.4224478600612,0,0,0,0,0,0,1,0,0,1.504757337626136,395.8413224165562,-1,-1,0,0,0,-1,0,0,0,0
117,21785,214.6774840819342,0,0,0,0,0,1,1,0,0,-1,-1,-1,-1,0,0,0,-1,0,0,0,0
118,57245,305.4614245437917,0,0,0,2,6,1,0,0,0,-1,-1,-1,-1,0,0,0,-1,0,0,0,0
119,16668,287.1802238000851,0,0,0,3,6,1,0,0,0,-1,-1,-1,-1,0,0,0,-1,0,0,0,0
120,15746,283.6336651598352,0,0,0,5,34,2,0,0,0,-1,-1,-1,-1,0,0,0,-1,1,0,0,0
121,44630,338.2795029988673,0,0,0,1,6,6,0,0,0,-1,-1,-1,-1,0,0,0,-1,1,1,1,0
122,15281,284.5755707871578,0,0,0,5,15,3,0,0,0,-1,-1,-1,-1,0,0,0,-1,1,0,0,0
123,45393,315.348990289532,0,0,0,3,18,5,0,0,0,-1,-1,-1,-1,0,0,0,-1,1,1,1,0
124,14773,288.6408757267159,0,0,0,4,27,5,0,0,0,-1,-1,-1,-1,0,0,0,-1,1,0,0,0
125,56166,338.27675299769,0,0,0,1,8,0,0,0,0,2.224053479369309,570.5722769410448,-1,-1,0,0,0,-1,0,0,0,0
126,14102,263.8035921137375,0,0,0,3,14,1,0,0,0,-1,-1,3.137371878587255,-1,0,0,0,-1,1,0,0,0
127,56201,317.6186473322809,0,0,0,4,15,0,0,0,0,0.6999645862096403,188.9401163565859,-1,-1,0,0,0,-1,0,0,0,0
128,45492,338.3307133991284,0,0,0,1,3,3,0,0,0,-1,-1,-1,-1,0,0,0,-1,1,1,1,0
129,17109,278.5965150107917,0,0,0,6,32,0,0,0,0,1.38087576805767,365.25509364676,-1,-1,0,0,0,-1,0,0,0,0
130,11396,264.6356089579493,0,0,0,6,39,1,0,0,0,-1,-1,-1,-1,0,0,0,-1,0,0,0,0
131,16596,271.592304502326,0,0,0,5,13,3,0,0,0,-1,-1,-1,-1,0,0,0,-1,1,0,0,0
132,67167,326.1776712749005,0,0,0,1,4,1,0,0,0,-1,-1,-1,-1,0,0,0,-1,0,0,0,0
133,60171,326.1122101576686,0,0,0,1,8,0,0,0,0,1.300973623592012,344.467151631061,-1,-1,0,0,0,-1,0,0,0,0
134,41262,275.7106506945725,0,0,0,4,22,0,0,0,0,0.3346302434726836,90.87347758222491,-1,-1,0,0,0,-1,0,0,0,0
135,37006,276.4806087881856,0,0,0,5,34,6,0,0,0,0.3504478438392947,95.22805824916756,-1,-1,0,0,0,-1,1,1,1,0
136,15234,303.7584391900645,0,0,0,3,7,0,0,0,0,1.950303373392294,505.7484185694183,-1,-1,0,0,0,-1,0,0,0,0
137,5528,229.1121352992082,0,0,0,11,65,0,0,0,0,0.2273594901771488,61.92883008490526,-1,-1,0,0,0,-1,0,0,0,0
138,44402,338.302834376901,0,0,0,1,6,5,0,0,0,-1,-1,-1,-1,0,0,0,-1,1,1,1,0
139,43517,338.2795029999911,0,0,0,1,6,2,0,0,0,-1,-1,-1,-1,0,0,0,-1,1,1,1,0
140,13926,277.9541670519175,0,0,0,2,18,0,0,0,0,2.210271669678048,563.2626719038076,-1,-1,0,0,0,-1,0,0,0,0
141,15023,251.2683356072038,0,0,0,5,25,3,0,0,0,-1,-1,-1,-1,0,0,0,-1,1,0,0,0
142,60366,319.0650140055915,0,0,0,2,7,0,0,0,0,0.9282225094863323,249.1469361893034,-1,-1,0,0,0,-1,0,0,0,0
143,14131,238.7114938247276,0,0,0,5,30,0,0,0,0,1.925255815970033,497.8997851020147,-1,-1,0,0,0,-1,0,0,0,0
144,43964,306.9808947687733,0,0,0,3,21,0,0,0,0,0.7705072887227816,207.5163126652915,-1,-1,0,0,0,-1,0,0,0,0
145,43954,338.2795030033236,0,0,0,1,4,4,0,0,0,-1,-1,-1,-1,0,0,0,-1,1,1,1,0
146,35333,292.1334650860839,0,0,0,5,35,1,0,0,0,0.5174666590206624,140.1791969168164,-1,-1,0,0,0,-1,1,1,1,0
147,15903,293.0951016570145,0,0,0,3,18,0,0,0,0,2.435599530614028,618.3612207279832,-1,-1,0,0,0,-1,0,0,0,0
148,44690,322.6750921506099,0,0,0,3,16,6,0,0,0,-1,-1,-1,-1,0,0,0,-1,1,1,1,0
149,18489,183.4847220957825,0,0,0,0,0,0,1,0,0,0.4878125713471804,132.1384264068462,-1,-1,0,0,0,-1,0,0,0,0
150,63363,340.5011260005614,0,0,0,1,6,0,0,0,0,1.631708149869558,428.3441320737626,-1,-1,0,0,0,-1,0,0,0,0
151,16108,298.2166036447905,0,0,0,4,23,2,0,0,0,-1,-1,-1,-1,0,0,0,-1,1,0,0,0
152,62502,315.9768547562148,0,0,0,1,11,1,0,0,0,0.05359994753293205,14.63743839870339,-1,-1,0,0,0,-1,0,0,0,0
153,10039,296.6101483568549,0,0,0,3,14,0,0,0,0,1.003524603002313,267.9425759367422,-1,-1,0,0,0,-1,0,0,0,0
154,8793,257.0596693376265,0,0,0,6,43,3,0,0,0,-1,-1,-1,-1,0,0,0,-1,0,0,0,0
155,15534,281.0611532447398,0,0,0,2,7,4,0,0,0,2.133273400635424,549.5997973920637,-1,-1,0,0,0,-1,1,0,0,0
156,14502,284.3872616498409,0,0,0,1,7,2,0,0,0,-1,-1,-1,-1,0,0,0,-1,1,0,0,0
157,43613,338.27950299971,0,0,0,1,7,3,0,0,0,-1,-1,-1,-1,0,0,0,-1,1,1,1,0
158,13629,297.2917956127267,0,0,0,2,15,5,0,0,0,-1,-1,-1,-1,0,0,0,-1,1,0,0,0
159,23456,253.1058039677532,0,0,0,0,0,1,1,0,0,-1,-1,-1,-1,0,0,0,-1,0,0,0,0
160,34932,299.7947251445234,0,0,0,5,25,3,0,0,0,0.09602637780854091,26.20554726944964,-1,-1,0,0,0,-1,1,1,1,0
161,43324,338.2795029967078,0,0,0,1,7,5,0,0,0,-1,-1,-1,-1,0,0,0,-1,1,1,1,0
162,27301,239.3455928643315,0,0,0,0,0,0,1,0,0,1.088625271654921,290.6572702801746,-1,-1,0,0,0,-1,0,0,0,0
163,45344,338.2454421149451,0,0,0,1,6,4,0,0,0,0.6257280480274692,169.03308755676,-1,-1,0,0,0,-1,1,1,1,0
164,9887,136.4446517091055,0,0,0,0,0,0,1,0,0,0.04729081941977492,12.89921284686903,-1,-1,0,0,0,-1,0,0,0,0
165,42160,315.2413284091432,0,0,0,2,13,5,0,0,0,-1,-1,-1,-1,0,0,0,-1,1,1,1,0
166,15601,159.7441138382105,0,0,0,0,0,0,1,0,0,0.8681528101111202,233.2694233025033,-1,-1,0,0,0,-1,0,0,0,0
167,14254,290.8978859761065,0,0,0,4,23,4,0,0,0,-1,-1,-1,-1,0,0,0,-1,1,0,0,0
168,38567,291.5834277555009,0,0,0,2,12,3,0,0,0,0.6717888921173647,181.3345117556429,-1,-1,0,0,0,-1,1,1,1,0
169,12199,279.8440759588497,0,0,0,6,33,1,0,0,0,-1,-1,-1,-1,0,0,0,-1,0,0,0,0
170,52689,311.7927555768701,0,0,0,3,8,0,0,0,0,0.882029192495824,236.3048622374299,-1,-1,0,0,0,-1,0,0,0,0
171,10077,257.3151645480135,0,0,0,7,51,5,0,0,0,-1,-1,-1,-1,0,0,0,-1,1,0,0,0
172,15079,262.3360888670273,0,0,0,6,42,1,0,0,0,-1,-1,-1,-1,0,0,0,-1,0,0,0,0
173,9756,283.4709974554438,0,0,0,3,18,4,0,0,0,-1,-1,-1,-1,0,0,0,-1,1,0,0,0
174,43293,331.0818891156168,0,0,0,1,4,2,0,0,0,2.260112065668391,576.423522194904,-1,-1,0,0,0,-1,1,1,1,0
175,10973,242.2248328161255,0,0,0,7,43,3,0,0,0,-1,-1,-1,-1,0,0,0,-1,0,0,0,0
176,49155,299.6328881275995,0,0,0,3,8,0,0,0,0,0.6412471336073904,173.2667829580174,-1,-1,0,0,0,-1,0,0,0,0
177,42137,338.2795030024043,0,0,0,1,4,2,0,0,0,-1,-1,-1,-1,0,0,0,-1,1,1,1,0
178,14675,278.912215453868,0,0,0,4,15,3,0,0,0,-1,-1,-1,-1,0,0,0,-1,1,0,0,0
179,9464,231.6094546972449,0,0,0,4,21,2,0,0,0,0.522852666757661,141.6652427606878,-1,-1,0,0,0,-1,0,0,0,0
180,53406,322.7081415327343,0,0,0,2,15,0,0,0,0,1.572966743778608,414.4151577840382,-1,-1,0,0,0,-1,0,0,0,0
181,13968,300.2156025663622,0,0,0,2,17,2,0,0,0,-1,-1,-1,-1,0,0,0,-1,1,0,0,0
182,14464,245.1034455644086,0,0,0,7,43,0,0,0,0,0.9925904934538748,266.0224626164051,-1,-1,0,0,0,-1,0,0,0,0
183,4376,173.8571421815814,0,0,0,13,60,0,0,0,0,0.3220914127522496,87.53082930275184,-1,-1,0,0,0,-1,0,0,0,0
184,9190,214.8680996912883,0,0,0,10,63,1,0,0,0,-1,-1,-1,-1,0,0,0,-1,0,0,0,0
185,13103,271.966025809871,0,0,0,7,41,6,0,0,0,-1,-1,-1,-1,0,0,0,-1,1,0,0,0
186,14858,272.6600854052808,0,0,0,5,43,3,0,0,0,-1,-1,-1,-1,0,0,0,-1,1,0,0,0
187,15662,260.4597272359885,0,0,0,3,6,1,0,0,0,-1,-1,-1,-1,0,0,0,-1,1,0,0,0
188,9102,223.3306194730546,0,0,0,8,50,0,0,0,0,0.8150761957501294,218.9835449019326,-1,-1,0,0,0,-1,0,0,0,0
189,13523,251.3688177692478,0,0,0,3,15,3,0,0,0,1.416660440552492,374.0865394216326,-1,-1,0,0,0,-1,1,0,0,0
190,66275,331.0704571396021,0,0,0,2,11,1,0,0,0,-1,-1,-1,-1,0,0,0,-1,0,0,0,0
191,5506,253.2370345880669,0,0,0,10,29,0,0,0,0,0.3825113335279284,103.8063336700212,-1,-1,0,0,0,-1,0,0,0,0
192,40100,324.8105790823179,0,0,0,2,10,2,0,0,0,1.503565258867795,395.9530848776539,-1,-1,0,0,0,-1,1,1,1,0
193,10354,225.9588622394188,0,0,0,9,39,1,0,0,0,0.733908286044929,197.9286306225749,-1,-1,0,0,0,-1,0,0,0,0
194,44238,338.2795029896661,0,0,0,1,6,1,0,0,0,-1,-1,-1,-1,0,0,0,-1,1,1,1,0
195,14508,280.3658109445129,0,0,0,1,10,3,0,0,0,-1,-1,-1,-1,0,0,0,-1,1,0,0,0
196,52178,299.8772629350866,0,0,0,6,26,2,0,0,0,-1,-1,-1,-1,0,0,0,-1,0,0,0,0
197,14496,271.8754065703701,0,0,0,3,24,3,0,0,0,-1,-1,-1,-1,0,0,0,-1,1,0,0,0
198,15920,271.0623554640189,0,0,0,4,19,1,0,0,0,-1,-1,-1,-1,0,0,0,-1,1,0,0,0
199,55641,326.1025237106963,0,0,0,3,15,0,0,0,0,1.908627776456386,495.8653847216224,-1,-1,0,0,0,-1,0,0,0,0
200,17839,266.4378034677036,0,0,0,6,27,4,0,0,0,-1,-1,-1,-1,0,0,0,-1,1,0,0,0
201,14653,259.7826995639199,0,0,0,2,14,2,0,0,0,-1,-1,-1,-1,0,0,0,-1,1,0,0,0
202,14102,271.994157402059,0,0,0,3,19,2,0,0,0,-1,-1,-1,-1,0,0,0,-1,1,0,0,0
203,8934,264.4945307394364,0,0,0,4,11,1,0,0,0,-1,-1,-1,-1,0,0,0,-1,0,0,0,0
204,14252,272.0868559396934,0,0,0,3,22,4,0,0,0,-1,-1,-1,-1,0,0,0,-1,1,0,0,0
205,2682,282.2424169254625,0,0,0,4,36,2,0,0,0,0.1660365597806217,45.24206620889334,-1,-1,0,0,0,-1,0,0,0,0
206,14992,295.7443824902481,0,0,0,3,23,6,0,0,0,-1,-1,-1,-1,0,0,0,-1,1,0,0,0
207,4342,256.2588850757442,0,0,0,7,39,0,0,0,0,0.2884139282364091,78.25638296853363,-1,-1,0,0,0,-1,0,0,0,0
208,9374,229.9090882496961,0,0,0,8,33,0,0,0,0,1.066856860132444,285.5583093687881,-1,-1,0,0,0,-1,0,0,0,0
209,17811,257.4610263685626,0,0,0,6,22,0,0,0,0,1.90852230239896,494.1294120328337,-1,-1,0,0,0,-1,0,0,0,0
210,13749,270.943344379445,0,0,0,5,21,0,0,0,0,1.42766705422195,377.5418627597825,-1,-1,0,0,0,-1,0,0,0,0
211,56003,306.8698474381675,0,0,0,4,13,1,0,0,0,-1,-1,-1,-1,0,0,0,-1,0,0,0,0
212,13272,255.3056295325372,0,0,0,4,36,3,0,0,0,1.223257354748503,324.9421173573829,-1,-1,0,0,0,-1,1,0,0,0
213,4672,232.6547452788482,0,0,0,10,47,4,0,0,0,0.10934311714322,29.79980027412567,-1,-1,0,0,0,-1,1,0,0,0
214,15517,291.8481202393631,0,0,0,3,16,3,0,0,0,-1,-1,-1,-1,0,0,0,-1,1,0,0,0
215,14884,300.8103534890387,0,0,0,3,22,1,0,0,0,-1,-1,-1,-1,0,0,0,-1,1,0,0,0
216,16178,280.895269145519,0,0,0,5,29,7,0,0,0,-1,-1,-1,-1,0,0,0,-1,1,0,0,0
217,12935,290.7923590119325,0,0,0,3,20,3,0,0,0,-1,-1,-1,-1,0,0,0,-1,1,0,0,0
218,9840,258.7736623628994,0,0,0,3,17,5,0,0,0,0.7764673961446484,208.9159414927317,-1,-1,0,0,0,-1,1,0,0,0
219,46106,338.2565254838291,0,0,0,1,3,6,0,0,0,1.534798603022,404.1744744218268,-1,-1,0,0,0,-1,1,1,1,0
220,56298,326.1115420013453,0,0,0,2,6,1,0,0,0,-1,-1,-1,-1,0,0,0,-1,0,0,0,0
221,44398,338.279502996834,0,0,0,1,7,2,0,0,0,-1,-1,-1,-1,0,0,0,-1,1,1,1,0
222,14310,289.2610290277389,0,0,0,2,16,3,0,0,0,-1,-1,-1,-1,0,0,0,-1,1,0,0,0
223,13954,270.9140165590611,0,0,0,3,22,2,0,0,0,-1,-1,-1,-1,0,0,0,-1,1,0,0,0
224,10575,247.3944523618293,0,0,0,5,43,0,0,0,0,1.168940484923367,310.2721387868144,-1,-1,0,0,0,-1,0,0,0,0
225,15331,289.1854547584327,0,0,0,5,26,0,0,0,0,2.29729762761647,582.6020884013126,-1,-1,0,0,0,-1,0,0,0,0
226,15666,284.0211697003824,0,0,0,4,28,5,0,0,0,-1,-1,-1,-1,0,0,0,-1,1,0,0,0
227,15022,267.5557970725978,0,0,0,3,8,4,0,0,0,0.772902512427337,208.3827066465604,-1,-1,0,0,0,-1,1,0,0,0
228,13715,259.0567113459077,0,0,0,3,22,4,0,0,0,1.652170779639111,432.5327991308647,-1,-1,0,0,0,-1,1,0,0,0
229,24213,244.9857314049188,0,0,0,0,0,0,1,0,0,2.695932890688601,658.0390582963125,-1,-1,0,0,0,-1,0,0,0,0
230,9497,230.9084233183773,0,0,0,8,32,0,0,0,0,0.8737059080950602,234.6750297556765,-1,-1,0,0,0,-1,0,0,0,0
231,12795,223.0118729996851,0,0,0,7,25,0,0,0,0,1.129827035581279,301.1758964653372,-1,-1,0,0,0,-1,0,0,0,0
232,14247,260.688496908397,0,0,0,6,37,3,0,0,0,-1,-1,-1,-1,0,0,0,-1,1,0,0,0
233,14899,302.7865283660624,0,0,0,3,34,0,0,0,0,2.781302189681761,675.1363668308577,-1,-1,0,0,0,-1,0,0,0,0
234,13067,256.3536410642686,0,0,0,4,23,5,0,0,0,-1,-1,-1,-1,0,0,0,-1,1,0,0,0
235,44789,338.2795029934113,0,0,0,1,6,4,0,0,0,-1,-1,-1,-1,0,0,0,-1,1,1,1,0
236,13516,292.2506452171111,0,0,0,3,20,5,0,0,0,-1,-1,-1,-1,0,0,0,-1,1,0,0,0
237,39879,307.7265672475396,0,0,0,2,20,3,0,0,0,1.234191243114096,328.5766274308768,-1,-1,0,0,0,-1,1,1,1,0
238,67967,326.1191950412751,0,0,0,1,6,0,0,0,0,0.4512422637113035,122.3131620791918,-1,-1,0,0,0,-1,0,0,0,0
239,40027,299.953808173967,0,0,0,1,8,4,0,0,0,0.9144672760026774,245.4844426880174,-1,-1,0,0,0,-1,1,1,1,0
240,10460,274.6180492075588,0,0,0,5,39,0,0,0,0,1.109048019095645,296.3840328057821,-1,-1,0,0,0,-1,0,0,0,0
241,50370,338.2629785143862,0,0,0,2,10,0,0,0,0,2.716871953787757,670.7808906203708,-1,-1,0,0,0,-1,0,0,0,0
242,17746,281.8115738264881,0,0,0,4,12,5,0,0,0,-1,-1,-1,-1,0,0,0,-1,1,0,0,0
243,8525,239.4743729641317,0,0,0,11,43,0,0,0,0,0.7292025733153227,196.1874349887407,-1,-1,0,0,0,-1,0,0,0,0
244,9042,275.7225418898202,0,0,0,3,29,0,0,0,0,1.128526816746887,301.6088996947618,-1,-1,0,0,0,-1,0,0,0,0
245,14229,264.1081498017971,0,0,0,6,27,0,0,0,0,2.368042861670507,599.1377106248796,-1,-1,0,0,0,-1,0,0,0,0
246,9224,266.5988657666399,0,0,0,7,25,4,0,0,0,0.5175508286063838,139.8872634806241,-1,-1,0,0,0,-1,1,0,0,0
247,18790,270.0197916411784,0,0,0,6,44,0,0,0,0,2.186350201033665,560.2084561964042,-1,-1,0,0,0,-1,0,0,0,0
248,15095,211.3255378477904,0,0,0,9,32,2,0,0,0,-1,-1,-1,-1,0,0,0,-1,0,0,0,0
249,53329,326.1421128875275,0,0,0,1,11,0,0,0,0,0.57062794998204,154.1444790044584,-1,-1,0,0,0,-1,0,0,0,0
250,13957,260.5402616498151,0,0,0,1,8,4,0,0,0,-1,-1,-1,-1,0,0,0,-1,1,0,0,0
251,10203,248.3454111527127,0,0,0,8,41,0,0,0,0,1.033136597544226,275.8751566977797,-1,-1,0,0,0,-1,0,0,0,0
252,14913,301.6000916123758,0,0,0,2,15,1,0,0,0,-1,-1,-1,-1,0,0,0,-1,1,0,0,0
253,14686,296.6949207915114,0,0,0,1,11,7,0,0,0,-1,-1,-1,-1,0,0,0,-1,1,0,0,0
254,14948,278.2157336585749,0,0,0,3,24,2,0,0,0,-1,-1,-1,-1,0,0,0,-1,1,0,0,0
255,13929,295.8543501097239,0,0,0,4,26,3,0,0,0,-1,-1,-1,-1,0,0,0,-1,1,0,0,0
256,14297,293.4688053705077,0,0,0,3,11,2,0,0,0,-1,-1,-1,-1,0,0,0,-1,1,0,0,0
257,13795,295.4723275451921,0,0,0,4,24,0,0,0,0,1.502861123949782,393.1536546535224,-1,-1,0,0,0,-1,0,0,0,0
258,56074,309.9173702797661,0,0,0,3,16,0,0,0,0,1.308940826161029,346.0142309490512,-1,-1,0,0,0,-1,0,0,0,0
259,7933,275.975429944654,0,0,0,3,28,0,0,0,0,0.8854435891058313,237.4083565308056,-1,-1,0,0,0,-1,0,0,0,0
260,2467,240.9220794861443,0,0,0,9,39,0,0,0,0,0.03658148888684938,9.993490651476021,-1,-1,0,0,0,-1,0,0,0,0
261,57959,326.2189085594375,0,0,0,1,7,0,0,0,0,0.1654073122973369,45.08799451289704,-1,-1,0,0,0,-1,0,0,0,0
262,6803,270.0660104565605,0,0,0,1,9,2,0,0,0,-1,-1,-1,-1,0,0,0,-1,0,0,0,0
263,9931,250.8239994517812,0,0,0,9,28,0,0,0,0,0.8006580218400847,215.2214187225105,-1,-1,0,0,0,-1,0,0,0,0
264,11768,255.4537972706754,0,0,0,7,39,0,0,0,0,1.287150653666414,341.3358739926182,-1,-1,0,0,0,-1,0,0,0,0
265,12195,286.9634465263586,0,0,0,3,26,1,0,0,0,-1,-1,-1,-1,0,0,0,-1,0,0,0,0
266,10888,260.5496299343196,0,0,0,3,19,2,0,0,0,0.4506867375637215,122.221694967196,-1,-1,0,0,0,-1,1,0,0,0
267,15272,276.5896678346404,0,0,0,6,24,1,0,0,0,-1,-1,-1,-1,0,0,0,-1,1,0,0,0
268,50682,285.6626165496837,0,0,0,4,12,0,0,0,0,0.4297694350868843,116.5779188934982,-1,-1,0,0,0,-1,0,0,0,0
269,14165,250.3765497984187,0,0,0,4,26,3,0,0,0,-1,-1,-1,-1,0,0,0,-1,1,0,0,0
270,13240,288.487233017427,0,0,0,4,25,2,0,0,0,0.8493050137333255,228.1027692926925,-1,-1,0,0,0,-1,1,0,0,0
271,44392,338.2795030091341,0,0,0,1,6,4,0,0,0,-1,-1,-1,-1,0,0,0,-1,1,1,1,0
272,53930,308.7512328045324,0,0,0,2,7,0,0,0,0,1.956253792898829,508.1642424658825,-1,-1,0,0,0,-1,0,0,0,0
273,6049,280.3062048391009,0,0,0,5,27,3,0,0,0,-1,-1,-1,-1,0,0,0,-1,1,0,0,0
274,14105,290.1519652685298,0,0,0,3,15,2,0,0,0,-1,-1,-1,-1,0,0,0,-1,1,0,0,0
275,8556,254.810094186211,0,0,0,7,30,5,0,0,0,-1,-1,-1,-1,0,0,0,-1,1,0,0,0
276,15016,264.4339856336575,0,0,0,5,29,0,0,0,0,2.009236117065013,512.3343124983534,-1,-1,0,0,0,-1,0,0,0,0
277,5991,195.6081957402671,0,0,0,9,50,2,0,0,0,0.2433137472658086,66.26082560609525,-1,-1,0,0,0,-1,0,0,0,0
278,54893,303.2653140126018,0,0,0,3,17,0,0,0,0,0.0919077810166526,25.08571414803339,-1,-1,0,0,0,-1,0,0,0,0
279,12910,255.1333479609319,0,0,0,4,35,1,0,0,0,-1,-1,-1,-1,0,0,0,-1,0,0,0,0
280,14100,255.5880477984356,0,0,0,3,21,2,0,0,0,-1,-1,-1,-1,0,0,0,-1,1,0,0,0
281,53496,326.1887260490917,0,0,0,1,8,0,0,0,0,0.2794823802197258,76.01506677744081,-1,-1,0,0,0,-1,0,0,0,0
282,13906,303.2143187320857,0,0,0,2,14,1,0,0,0,-1,-1,3.148025582902851,-1,0,0,0,-1,1,0,0,0
283,16810,277.2851016849363,0,0,0,4,22,2,0,0,0,-1,-1,-1,-1,0,0,0,-1,1,0,0,0
284,16447,252.1144073817134,0,0,0,8,41,0,0,0,0,2.197588888979532,564.1697881531305,-1,-1,0,0,0,-1,0,0,0,0
285,14991,258.2955811771376,0,0,0,3,19,1,0,0,0,-1,-1,-1,-1,0,0,0,-1,1,0,0,0
286,60339,326.0764500046433,0,0,0,1,5,0,0,0,0,1.608132227016101,422.3852288532053,-1,-1,0,0,0,-1,0,0,0,0
287,43329,338.2795030101172,0,0,0,1,7,4,0,0,0,-1,-1,-1,-1,0,0,0,-1,1,1,1,0
288,15638,159.0351981218877,0,0,0,0,0,0,1,0,0,0.2127875109150875,57.92336921101596,-1,-1,0,0,0,-1,0,0,0,0
289,8919,247.096527300542,0,0,0,1,16,5,0,0,0,-1,-1,-1,-1,0,0,0,-1,1,0,0,0
290,44148,338.2795030024388,0,0,0,1,7,2,0,0,0,-1,-1,-1,-1,0,0,0,-1,1,1,1,0
291,36308,302.840437712122,0,0,0,3,22,3,0,0,0,0.531375955263545,143.8142199985764,-1,-1,0,0,0,-1,1,1,1,0
292,29223,256.0785645153198,0,0,0,0,0,0,1,0,0,1.125721034977105,300.5583929319066,-1,-1,0,0,0,-1,0,0,0,0
293,11057,232.7631134901104,0,0,0,5,32,2,0,0,0,0.4981903733624906,135.0067819800432,-1,-1,0,0,0,-1,0,0,0,0
294,36590,292.1405522750269,0,0,0,4,28,6,0,0,0,-1,-1,-1,-1,0,0,0,-1,1,1,1,0
295,35291,269.5088402262392,0,0,0,6,26,4,0,0,0,0.009595097723359466,2.622180155802315,-1,-1,0,0,0,-1,1,1,1,0
296,1585,231.6078762800021,0,0,0,7,36,3,0,0,0,0.06865176409218902,18.74330433763111,-1,-1,0,0,0,-1,1,0,0,0
297,59897,338.3194479322776,0,0,0,1,8,0,0,0,0,0.4287561438080978,116.2270831035771,-1,-1,0,0,0,-1,0,0,0,0
298,14413,300.8274192875842,0,0,0,3,13,8,0,0,0,0.7083727857593896,190.9138872399805,-1,-1,0,0,0,-1,1,0,0,0
299,6392,250.4412830621977,0,0,0,6,28,2,0,0,0,0.4426058582707593,120.0430222629235,-1,-1,0,0,0,-1,1,0,0,0
300,60274,306.0032178406017,0,0,0,1,1,0,0,0,0,0.5380530912340437,145.5960680539299,-1,-1,0,0,0,-1,0,0,0,0
301,45703,338.2795030012235,0,0,0,1,4,3,0,0,0,-1,-1,-1,-1,0,0,0,-1,1,1,1,0
302,11710,243.9557230379006,0,0,0,7,35,0,0,0,0,1.283335343205777,340.8771652900286,-1,-1,0,0,0,-1,0,0,0,0
303,60739,319.0483617310343,0,0,0,4,5,0,0,0,0,0.5619494049209144,151.9698684575086,-1,-1,0,0,0,-1,0,0,0,0
304,20091,231.8462337205844,0,0,0,0,0,0,1,0,0,2.297299003904235,585.9411020959102,-1,-1,0,0,0,-1,0,0,0,0
305,6351,229.9842391893415,0,0,0,10,44,0,0,0,0,0.2206983679379749,60.08550018383911,-1,-1,0,0,0,-1,0,0,0,0
306,15021,273.7827767212954,0,0,0,6,18,3,0,0,0,-1,-1,-1,-1,0,0,0,-1,1,0,0,0
307,65347,326.1060161973732,0,0,0,1,8,0,0,0,0,0.7792194556242452,209.9516647443056,-1,-1,0,0,0,-1,0,0,0,0
308,10008,262.2555720390342,0,0,0,6,43,0,0,0,0,1.116870460644034,298.2140093236004,-1,-1,0,0,0,-1,0,0,0,0
309,9787,267.3143945902758,0,0,0,5,41,0,0,0,0,1.225765863411161,325.3910676033404,-1,-1,0,0,0,-1,0,0,0,0
310,14015,296.7488352150565,0,0,0,1,8,3,0,0,0,-1,-1,-1,-1,0,0,0,-1,1,0,0,0
311,14646,223.3216600575392,0,0,0,9,41,1,0,0,0,0.9866500181394894,264.3142383385175,-1,-1,0,0,0,-1,0,0,0,0
312,38270,315.2969884453815,0,0,0,2,14,3,0,0,0,0.8503983353201129,228.6547947362232,-1,-1,0,0,0,-1,1,1,1,0
313,9269,228.1642180293683,0,0,0,11,43,1,0,0,0,-1,-1,-1,-1,0,0,0,-1,0,0,0,0
314,72008,338.2767530038578,0,0,0,1,13,0,0,0,0,0.1940005828450871,52.8677310102113,-1,-1,0,0,0,-1,0,0,0,0
315,1634,260.4971636226192,0,0,0,5,42,3,0,0,0,0.1172280190188354,31.97540278144849,-1,-1,0,0,0,-1,1,0,0,0
316,14344,271.8688328294024,0,0,0,8,28,1,0,0,0,-1,-1,-1,-1,0,0,0,-1,0,0,0,0
317,7672,200.0952337667102,0,0,0,13,59,0,0,0,0,0.2611224956066258,71.06889998546258,-1,-1,0,0,0,-1,0,0,0,0
318,13984,272.8068457131861,0,0,0,5,30,2,0,0,0,-1,-1,-1,-1,0,0,0,-1,1,0,0,0
319,52819,310.4833042919557,0,0,0,4,17,0,0,0,0,0.1832731596561616,49.93686924263658,-1,-1,0,0,0,-1,0,0,0,0
320,15481,259.9109614746725,0,0,0,5,32,0,0,0,0,1.295424145538533,343.8062231503928,-1,-1,0,0,0,-1,0,0,0,0
321,15261,275.0312527652507,0,0,0,6,36,4,0,0,0,-1,-1,-1,-1,0,0,0,-1,1,0,0,0
322,15978,262.1485032993118,0,0,0,7,41,1,0,0,0,-1,-1,-1,-1,0,0,0,-1,0,0,0,0
323,14834,276.4228914558097,0,0,0,4,17,5,0,0,0,-1,-1,-1,-1,0,0,0,-1,1,0,0,0
324,15179,281.6392957993115,0,0,0,5,20,3,0,0,0,-1,-1,-1,-1,0,0,0,-1,1,0,0,0
325,9055,225.0818213274692,0,0,0,13,43,0,0,0,0,0.2282762498755732,62.15240507069434,-1,-1,0,0,0,-1,0,0,0,0
326,11289,258.8279902859742,0,0,0,8,47,0,0,0,0,1.001530268002176,268.2511739896509,-1,-1,0,0,0,-1,0,0,0,0
327,13613,257.5400624891431,0,0,0,6,32,2,0,0,0,-1,-1,-1,-1,0,0,0,-1,0,0,0,0
328,42599,338.3584441243918,0,0,0,1,11,2,0,0,0,-1,-1,-1,-1,0,0,0,-1,1,1,1,0
329,28679,249.8464702669183,0,0,0,0,0,0,1,0,0,1.038404070433489,277.1473904963901,-1,-1,0,0,0,-1,0,0,0,0
330,15029,259.6848708107857,0,0,0,5,18,2,0,0,0,-1,-1,-1,-1,0,0,0,-1,1,0,0,0
331,43225,326.1478735986046,0,0,0,1,12,5,0,0,0,-1,-1,-1,-1,0,0,0,-1,1,1,1,0
332,33834,305.1261871350033,0,0,0,2,19,2,0,0,0,0.3657095174726883,99.32463045828872,-1,-1,0,0,0,-1,1,1,1,0
333,70225,338.2839564509155,0,0,0,1,12,0,0,0,0,0.1344332088184321,36.66232016263088,-1,-1,0,0,0,-1,0,0,0,0
334,16182,295.7770083677688,0,0,0,3,20,5,0,0,0,-1,-1,-1,-1,0,0,0,-1,1,0,0,0
335,8448,242.762124384308,0,0,0,4,19,8,0,0,0,0.2022556930172616,55.10263402009446,-1,-1,0,0,0,-1,1,0,0,0
336,15373,303.0866686014375,0,0,0,4,30,2,0,0,0,-1,-1,-1,-1,0,0,0,-1,1,0,0,0
337,12937,255.0225030394733,0,0,0,5,40,0,0,0,0,1.790564767982512,467.8436966645057,-1,-1,0,0,0,-1,0,0,0,0
338,43135,338.2795029983953,0,0,0,1,5,4,0,0,0,-1,-1,-1,-1,0,0,0,-1,1,1,1,0
339,16228,257.3283647511932,0,0,0,4,15,3,0,0,0,-1,-1,-1,-1,0,0,0,-1,1,0,0,0
340,62866,338.2000810692571,0,0,0,2,8,0,0,0,0,1.799527915375031,470.0995099186341,-1,-1,0,0,0,-1,0,0,0,0
341,14946,295.5201422009071,0,0,0,1,8,5,0,0,0,-1,-1,-1,-1,0,0,0,-1,1,0,0,0
342,44575,338.3247465744584,0,0,0,1,8,2,0,0,0,-1,-1,-1,-1,0,0,0,-1,1,1,1,0
343,14100,271.8578405883511,0,0,0,4,27,3,0,0,0,-1,-1,-1,-1,0,0,0,-1,1,0,0,0
344,5367,267.2781552745039,0,0,0,7,40,0,0,0,0,0.4946133648260552,133.956965154732,-1,-1,0,0,0,-1,0,0,0,0
345,14729,272.8093265566616,0,0,0,6,33,5,0,0,0,-1,-1,-1,-1,0,0,0,-1,1,0,0,0
346,37688,323.8251753711236,0,0,0,1,3,4,0,0,0,0.1605270326679412,43.76379550297933,-1,-1,0,0,0,-1,1,1,1,0
347,8752,246.5244377977834,0,0,0,9,53,1,0,0,0,0.6550635749597351,176.9916709758303,-1,-1,0,0,0,-1,0,0,0,0
348,12713,264.4885424696421,0,0,0,5,36,4,0,0,0,-1,-1,-1,-1,0,0,0,-1,1,0,0,0
349,4697,278.4347978321811,0,0,0,5,25,0,0,0,0,0.3419537560565228,92.9543180361097,-1,-1,0,0,0,-1,0,0,0,0
350,12299,239.8906727515059,0,0,0,8,33,4,0,0,0,1.210429130120474,322.3414190096169,-1,-1,0,0,0,-1,1,0,0,0
351,56547,315.3031201841326,0,0,0,4,16,0,0,0,0,1.342717339000785,356.0919802568558,-1,-1,0,0,0,-1,0,0,0,0
352,44346,310.4242388890028,0,0,0,2,20,4,0,0,0,1.729830292171759,449.2913994601331,-1,-1,0,0,0,-1,1,1,1,0
353,45789,338.2926913865115,0,0,0,1,7,4,0,0,0,1.462514745101273,386.1926602375627,-1,-1,0,0,0,-1,1,1,1,0
354,13780,288.7323624664019,0,0,0,3,18,5,0,0,0,-1,-1,-1,-1,0,0,0,-1,1,0,0,0
355,14442,297.0560348942444,0,0,0,2,12,6,0,0,0,-1,-1,-1,-1,0,0,0,-1,1,0,0,0
356,57789,338.3013766333954,0,0,0,2,8,0,0,0,0,0.7212832927148846,194.3095643218044,-1,-1,0,0,0,-1,0,0,0,0
357,16280,257.0721436843173,0,0,0,9,36,0,0,0,0,2.240013021009522,573.1111538674596,-1,-1,0,0,0,-1,0,0,0,0
358,71944,338.3406320341879,0,0,0,1,7,0,0,0,0,0.2479890250846077,67.50844128353573,-1,-1,0,0,0,-1,0,0,0,0
359,15287,260.0999614951359,0,0,0,7,61,0,0,0,0,2.121526168244554,544.9450399995034,-1,-1,0,0,0,-1,0,0,0,0
360,16362,269.8222292493217,0,0,0,6,32,3,0,0,0,-1,-1,-1,-1,0,0,0,-1,1,0,0,0
361,56818,331.0700199742494,0,0,0,4,7,0,0,0,0,0.3942470436959521,106.852112628566,-1,-1,0,0,0,-1,0,0,0,0
362,14886,307.9394769153687,0,0,0,2,22,1,0,0,0,-1,-1,-1,-1,0,0,0,-1,1,0,0,0
363,50864,317.6143727200342,0,0,0,2,26,0,0,0,0,0.3353273500594677,90.90054651972734,-1,-1,0,0,0,-1,0,0,0,0
364,6966,241.2408198351114,0,0,0,7,42,1,0,0,0,0.7009947307672956,189.1009486883154,-1,-1,0,0,0,-1,0,0,0,0
365,15129,247.6135649252526,0,0,0,7,35,0,0,0,0,2.006929531963631,521.5104817359638,-1,-1,0,0,0,-1,0,0,0,0
366,43998,340.5038759967281,0,0,0,1,5,2,0,0,0,-1,-1,-1,-1,0,0,0,-1,1,1,1,0
367,21236,195.4036472988892,0,0,0,0,0,1,1,0,0,-1,-1,-1,-1,0,0,0,-1,0,0,0,0
368,57684,305.0231553503241,0,0,0,3,19,0,0,0,0,0.385440759517325,104.6641115736853,-1,-1,0,0,0,-1,0,0,0,0
369,44575,338.2795029989876,0,0,0,1,6,3,0,0,0,-1,-1,-1,-1,0,0,0,-1,1,1,1,0
370,16030,277.4918970286724,0,0,0,5,25,0,0,0,0,2.854752133316537,684.2813779199591,-1,-1,0,0,0,-1,0,0,0,0
371,9323,232.50183459766,0,0,0,10,46,0,0,0,0,0.5934508840003182,160.2123131187176,-1,-1,0,0,0,-1,0,0,0,0
372,11424,245.8887396704425,0,0,0,9,53,5,0,0,0,1.081971959997589,289.2244727322167,-1,-1,0,0,0,-1,1,0,0,0
373,9693,302.8208044209162,0,0,0,3,18,0,0,0,0,0.9963005283547187,266.1293889954965,-1,-1,0,0,0,-1,0,0,0,0
374,58589,338.3344461168238,0,0,0,2,11,0,0,0,0,0.03910690369057613,10.67676676778163,-1,-1,0,0,0,-1,0,0,0,0
375,10634,255.8850630726532,0,0,0,6,23,1,0,0,0,0.471661700179372,127.8359250312297,-1,-1,0,0,0,-1,0,0,0,0
376,21647,206.4658827758568,0,0,0,2,8,2,1,0,0,-1,-1,-1,-1,0,0,0,-1,0,0,0,0
377,3594,213.3775836207186,0,0,0,8,43,0,0,0,0,0.09607365317408963,26.20851211210492,-1,-1,0,0,0,-1,0,0,0,0
378,44239,338.2795029991437,0,0,0,1,5,3,0,0,0,-1,-1,-1,-1,0,0,0,-1,1,1,1,0
379,7112,250.269172742349,0,0,0,6,43,4,0,0,0,0.4261331756581569,115.4636452977827,-1,-1,0,0,0,-1,1,0,0,0
380,10300,247.7145842133899,0,0,0,7,30,3,0,0,0,0.3235383929978801,87.8544522607545,-1,-1,0,0,0,-1,1,0,0,0
381,12198,267.6778387939684,0,0,0,6,34,0,0,0,0,1.591260810249305,418.1292909593908,-1,-1,0,0,0,-1,0,0,0,0
382,53856,310.3380908770819,0,0,0,4,26,0,0,0,0,0.1277101933858902,34.81214623673011,-1,-1,0,0,0,-1,0,0,0,0
383,14693,295.7759664617963,0,0,0,4,29,4,0,0,0,-1,-1,-1,-1,0,0,0,-1,1,0,0,0
384,14140,280.4056579312568,0,0,0,2,19,4,0,0,0,-1,-1,-1,-1,0,0,0,-1,1,0,0,0
385,44633,338.2795029999487,0,0,0,1,5,2,0,0,0,-1,-1,-1,-1,0,0,0,-1,1,1,1,0
386,52886,338.2767529975105,0,0,0,1,13,2,0,0,0,-1,-1,-1,-1,0,0,0,-1,0,0,0,0
387,8372,233.3456005837694,0,0,0,6,34,3,0,0,0,0.4624469382919793,125.3939610696688,-1,-1,0,0,0,-1,1,0,0,0
388,44878,338.3182526711819,0,0,0,1,9,2,0,0,0,-1,-1,-1,-1,0,0,0,-1,1,1,1,0
389,36817,338.2795029950847,0,0,0,1,5,5,0,0,0,-1,-1,-1,-1,0,0,0,-1,1,1,1,0
390,43253,338.2795030003555,0,0,0,1,5,2,0,0,0,-1,-1,-1,-1,0,0,0,-1,1,1,1,0
391,12417,249.5769225015036,0,0,0,7,36,3,0,0,0,-1,-1,-1,-1,0,0,0,-1,0,0,0,0
392,15581,286.8700292899275,0,0,0,3,30,1,0,0,0,-1,-1,-1,-1,0,0,0,-1,0,0,0,0
393,56721,305.019467066556,0,0,0,2,12,0,0,0,0,0.5337143398688552,144.5088204766393,-1,-1,0,0,0,-1,0,0,0,0
394,44586,338.3268699511817,0,0,0,1,8,5,0,0,0,-1,-1,-1,-1,0,0,0,-1,1,1,1,0
395,17046,280.0128250086669,0,0,0,7,39,2,0,0,0,0.1621980045763646,44.18006795487378,-1,-1,0,0,0,-1,0,0,0,0
396,3180,262.4334591066624,0,0,0,5,28,0,0,0,0,0.213997594327608,58.23465251915955,-1,-1,0,0,0,-1,0,0,0,0
397,4984,257.550801357513,0,0,0,3,31,5,0,0,0,0.46402390822474,125.7672906428975,-1,-1,0,0,0,-1,1,0,0,0
398,54843,306.8336660574857,0,0,0,4,4,0,0,0,0,1.433690863226905,379.6659878203608,-1,-1,0,0,0,-1,0,0,0,0
399,14264,283.6239146489739,0,0,0,2,11,3,0,0,0,-1,-1,-1,-1,0,0,0,-1,1,0,0,0
400,15791,288.6569062862935,0,0,0,5,32,0,0,0,0,1.837716569999566,479.6576539410997,-1,-1,0,0,0,-1,0,0,0,0
401,44459,338.279503002536,0,0,0,1,9,2,0,0,0,-1,-1,-1,-1,0,0,0,-1,1,1,1,0
402,11857,256.2839257841039,0,0,0,5,28,1,0,0,0,-1,-1,-1,-1,0,0,0,-1,0,0,0,0
403,39713,304.9618838320963,0,0,0,3,21,2,0,0,0,-1,-1,-1,-1,0,0,0,-1,1,1,1,0
404,14684,264.7852807915351,0,0,0,0,1,5,0,0,0,-1,-1,-1,-1,0,0,0,-1,1,0,0,0
405,14476,298.0489358653431,0,0,0,2,21,5,0,0,0,-1,-1,-1,-1,0,0,0,-1,1,0,0,0
406,14720,274.006704914136,0,0,0,9,37,0,0,0,0,0.8223040060314122,221.2344608855535,-1,-1,0,0,0,-1,0,0,0,0
407,12083,223.6471927889411,0,0,0,11,66,0,0,0,0,1.012916360734625,271.0258225690093,-1,-1,0,0,0,-1,0,0,0,0
408,42128,315.2714568661063,0,0,0,2,8,2,0,0,0,1.384708967452274,366.7247648907314,-1,-1,0,0,0,-1,1,1,1,0
409,12725,258.0603835557955,0,0,0,3,17,0,0,0,0,1.291660829082638,342.5033824634771,-1,-1,0,0,0,-1,0,0,0,0
410,2582,239.4698199725124,0,0,0,5,33,0,0,0,0,0.1208682191587498,32.97121671207955,-1,-1,0,0,0,-1,0,0,0,0
411,11524,236.4342977852643,0,0,0,8,46,0,0,0,0,1.131686896934087,302.7149243317189,-1,-1,0,0,0,-1,0,0,0,0
412,37569,282.7101155544439,0,0,0,4,21,4,0,0,0,0.7798587969749429,209.5493078273778,-1,-1,0,0,0,-1,1,1,1,0
413,8379,272.4207778440135,0,0,0,5,34,3,0,0,0,0.1597737762136326,43.5581764418763,-1,-1,0,0,0,-1,1,0,0,0
414,16223,275.2967763029475,0,0,0,5,33,1,0,0,0,-1,-1,-1,-1,0,0,0,-1,0,0,0,0
415,14088,272.707312055401,0,0,0,6,30,1,0,0,0,-1,-1,-1,-1,0,0,0,-1,0,0,0,0
416,7112,214.5067309832735,0,0,0,11,59,0,0,0,0,0.5790251683992569,156.5341707265407,-1,-1,0,0,0,-1,0,0,0,0
417,14104,283.6239146498582,0,0,0,2,20,1,0,0,0,-1,-1,-1,-1,0,0,0,-1,1,0,0,0
418,50231,331.1768937928517,0,0,0,1,10,1,0,0,0,0.1462483123354272,39.88499131201889,-1,-1,0,0,0,-1,0,0,0,0
419,17038,285.9318835138117,0,0,0,6,23,1,0,0,0,-1,-1,-1,-1,0,0,0,-1,1,0,0,0
420,14647,298.0548470096066,0,0,0,2,15,3,0,0,0,-1,-1,-1,-1,0,0,0,-1,1,0,0,0
421,17003,260.5602748798687,0,0,0,7,31,0,0,0,0,2.251191046162111,574.3326467631275,-1,-1,0,0,0,-1,0,0,0,0
422,13152,269.2398089031298,0,0,0,6,22,1,0,0,0,0.5312386245926174,143.753246925123,-1,-1,0,0,0,-1,0,0,0,0
423,9276,194.5234327336713,0,0,0,11,59,0,0,0,0,0.6726100810556781,181.286001668285,-1,-1,0,0,0,-1,0,0,0,0
424,12003,275.8017758064466,0,0,0,3,15,4,0,0,0,0.08941838556798254,24.39055901336139,-1,-1,0,0,0,-1,1,0,0,0
425,14243,272.6482735153415,0,0,0,5,38,1,0,0,0,-1,-1,-1,-1,0,0,0,-1,0,0,0,0
426,61078,315.2984353046015,0,0,0,4,14,1,0,0,0,-1,-1,-1,-1,0,0,0,-1,0,0,0,0
427,6360,245.3847246772193,0,0,0,4,23,5,0,0,0,0.3032763646008114,82.43377424142544,-1,-1,0,0,0,-1,1,0,0,0
428,54916,323.8693646215027,0,0,0,2,7,0,0,0,0,1.299631956879898,345.7202981873324,-1,-1,0,0,0,-1,0,0,0,0
429,14633,298.0360038673716,0,0,0,3,14,1,0,0,0,-1,-1,3.068081785386945,-1,0,0,0,-1,1,0,0,0
430,11530,274.4205163020679,0,0,0,5,22,0,0,0,0,1.324456457344934,351.5791069777758,-1,-1,0,0,0,-1,0,0,0,0
431,7941,279.8929307156641,0,0,0,4,41,0,0,0,0,0.9438156370083134,253.2570155515601,-1,-1,0,0,0,-1,0,0,0,0
432,3734,264.8719576122063,0,0,0,6,35,1,0,0,0,0.1585112231016417,43.21007515757219,-1,-1,0,0,0,-1,0,0,0,0
433,16652,221.4164491149162,0,0,0,0,0,2,1,0,0,-1,-1,-1,-1,0,0,0,-1,0,0,0,0
434,14246,297.2984928630175,0,0,0,2,23,2,0,0,0,-1,-1,-1,-1,0,0,0,-1,1,0,0,0
435,13773,259.5231778084306,0,0,0,8,44,0,0,0,0,1.442657955009572,379.8900159367761,-1,-1,0,0,0,-1,0,0,0,0
436,43119,315.8990329988287,0,0,0,1,5,6,0,0,0,1.846213372342822,480.394181643633,-1,-1,0,0,0,-1,1,1,1,0
437,44830,338.3459861122784,0,0,0,1,6,4,0,0,0,-1,-1,-1,-1,0,0,0,-1,1,1,1,0
438,8685,256.5071426657627,0,0,0,4,35,2,0,0,0,0.6000733754980374,162.34382669312,-1,-1,0,0,0,-1,1,0,0,0
439,71827,338.2767529813811,0,0,0,1,8,1,0,0,0,-1,-1,-1,-1,0,0,0,-1,0,0,0,0
440,34144,307.7875921058638,0,0,0,2,15,5,0,0,0,0.3950597076433601,107.0746654067223,-1,-1,0,0,0,-1,1,1,1,0
441,11515,243.6032056467471,0,0,0,6,33,2,0,0,0,0.09123436581184043,24.8989910084735,-1,-1,0,0,0,-1,0,0,0,0
442,12117,231.6904518146478,0,0,0,7,48,0,0,0,0,1.47602565158787,389.4230444951795,-1,-1,0,0,0,-1,0,0,0,0
443,13256,266.6877494313632,0,0,0,6,18,4,0,0,0,-1,-1,-1,-1,0,0,0,-1,1,0,0,0
444,44270,338.2795029916811,0,0,0,1,8,3,0,0,0,-1,-1,-1,-1,0,0,0,-1,1,1,1,0
445,40506,326.1542479227457,0,0,0,1,14,4,0,0,0,0.4016623375423959,108.8319788831947,-1,-1,0,0,0,-1,1,1,1,0
446,15705,273.2996674862098,0,0,0,4,18,1,0,0,0,-1,-1,3.103746992000754,-1,0,0,0,-1,1,0,0,0
447,36711,338.2795029997852,0,0,0,1,9,4,0,0,0,-1,-1,-1,-1,0,0,0,-1,1,1,1,0
448,17183,265.7046981753305,0,0,0,6,29,4,0,0,0,-1,-1,-1,-1,0,0,0,-1,1,0,0,0
449,4798,200.6682593099006,0,0,0,6,34,2,0,0,0,0.3315761304388635,90.1102619375982,-1,-1,0,0,0,-1,0,0,0,0
450,14237,286.8547577313188,0,0,0,1,7,5,0,0,0,-1,-1,-1,-1,0,0,0,-1,1,0,0,0
451,56461,326.1488891556687,0,0,0,1,10,0,0,0,0,0.2579562217921561,70.19548388140051,-1,-1,0,0,0,-1,0,0,0,0
452,9958,249.3147890057825,0,0,0,8,37,2,0,0,0,-1,-1,-1,-1,0,0,0,-1,0,0,0,0
453,16178,282.3033144503414,0,0,0,6,28,5,0,0,0,-1,-1,-1,-1,0,0,0,-1,1,0,0,0
454,45631,338.2795030004996,0,0,0,1,6,2,0,0,0,-1,-1,-1,-1,0,0,0,-1,1,1,1,0
455,10081,230.5030571658241,0,0,0,4,28,2,0,0,0,0.9447197407419714,253.5456302376065,-1,-1,0,0,0,-1,1,0,0,0
456,55618,304.0012459201621,0,0,0,1,8,0,0,0,0,1.283890441494568,341.6153581911263,-1,-1,0,0,0,-1,0,0,0,0
457,50958,307.9940278665906,0,0,0,2,11,3,0,0,0,-1,-1,-1,-1,0,0,0,-1,0,0,0,0
458,7670,249.7474120710235,0,0,0,4,25,4,0,0,0,0.507525135155844,137.3135208361647,-1,-1,0,0,0,-1,1,0,0,0
459,14300,297.9439146499113,0,0,0,2,15,3,0,0,0,-1,-1,-1,-1,0,0,0,-1,1,0,0,0
460,19607,269.7507245697684,0,0,0,7,26,1,0,0,0,1.192818233779001,317.9159241216722,-1,-1,0,0,0,-1,0,0,0,0
461,35451,295.8791549114657,0,0,0,4,16,2,0,0,0,0.1353488773588953,36.90112291067121,-1,-1,0,0,0,-1,1,1,1,0
462,43590,338.2795029927963,0,0,0,1,3,4,0,0,0,-1,-1,-1,-1,0,0,0,-1,1,1,1,0
463,9949,278.4079015533844,0,0,0,1,7,7,0,0,0,-1,-1,-1,-1,0,0,0,-1,1,0,0,0
464,16824,166.7717461146705,0,0,0,0,0,0,1,0,0,0.8364400189474797,225.0593134732775,-1,-1,0,0,0,-1,0,0,0,0
465,44222,338.2795029976211,0,0,0,1,5,2,0,0,0,-1,-1,-1,-1,0,0,0,-1,1,1,1,0
466,41032,326.1065025549198,0,0,0,1,8,4,0,0,0,0.4541034340196683,123.1811574315113,-1,-1,0,0,0,-1,1,1,1,0
467,56255,326.1581465024827,0,0,0,1,8,0,0,0,0,2.080770706579145,537.5205288191754,-1,-1,0,0,0,-1,0,0,0,0
468,10240,240.0159656154702,0,0,0,8,42,0,0,0,0,0.8140261262308722,219.0149551797214,-1,-1,0,0,0,-1,0,0,0,0
469,52411,338.2665823118919,0,0,0,2,11,2,0,0,0,-1,-1,-1,-1,0,0,0,-1,0,0,0,0
470,38737,326.1087888693076,0,0,0,1,9,6,0,0,0,0.2437902267442817,66.17062512157678,-1,-1,0,0,0,-1,1,1,1,0
471,14220,293.5972291619352,0,0,0,2,7,1,0,0,0,-1,-1,-1,-1,0,0,0,-1,0,0,0,0
472,13562,251.3785296406666,0,0,0,7,41,4,0,0,0,-1,-1,-1,-1,0,0,0,-1,1,0,0,0
473,43668,338.2795029873899,0,0,0,1,4,5,0,0,0,-1,-1,-1,-1,0,0,0,-1,1,1,1,0
474,21718,202.221001176135,0,0,0,0,0,1,1,0,0,-1,-1,-1,-1,0,0,0,-1,0,0,0,0
475,14043,273.435880601482,0,0,0,4,22,5,0,0,0,-1,-1,-1,-1,0,0,0,-1,1,0,0,0
476,49317,295.628537127893,0,0,0,4,28,1,0,0,0,-1,-1,-1,-1,0,0,0,-1,0,0,0,0
477,62897,315.3489751653978,0,0,0,2,14,1,0,0,0,-1,-1,-1,-1,0,0,0,-1,0,0,0,0
478,53541,326.1995349401911,0,0,0,1,6,0,0,0,0,2.01235914020637,520.2142274171018,-1,-1,0,0,0,-1,0,0,0,0
479,8400,247.9165026698685,0,0,0,8,38,0,0,0,0,0.6059469072685977,163.6135219464869,-1,-1,0,0,0,-1,0,0,0,0
480,47263,285.7517378254081,0,0,0,5,20,0,0,0,0,0.1607935207695466,43.8261990799226,-1,-1,0,0,0,-1,0,0,0,0
481,17366,267.3147433982332,0,0,0,6,38,0,0,0,0,2.12769816848352,546.7540578126203,-1,-1,0,0,0,-1,0,0,0,0
482,40510,302.8804795940101,0,0,0,3,25,3,0,0,0,-1,-1,-1,-1,0,0,0,-1,1,1,1,0
483,42254,303.2606800694447,0,0,0,2,8,8,0,0,0,-1,-1,-1,-1,0,0,0,-1,1,1,1,0
484,56915,314.0200371894765,0,0,0,2,12,0,0,0,0,1.010804187059194,270.648545307911,-1,-1,0,0,0,-1,0,0,0,0
485,14706,262.9513432613187,0,0,0,5,30,6,0,0,0,-1,-1,-1,-1,0,0,0,-1,1,0,0,0
486,14421,267.4199061858042,0,0,0,4,26,3,0,0,0,0.3303899854803818,89.82171443464951,-1,-1,0,0,0,-1,1,0,0,0
487,4705,236.7236128496163,0,0,0,5,31,2,0,0,0,0.2244850270330513,61.11474632703418,-1,-1,0,0,0,-1,1,0,0,0
488,16494,268.7641335919816,0,0,0,4,10,2,0,0,0,-1,-1,-1,-1,0,0,0,-1,1,0,0,0
489,62009,315.8905965388754,0,0,0,1,6,0,0,0,0,1.188625696685879,315.5573077924007,-1,-1,0,0,0,-1,0,0,0,0
490,14778,249.0192215735142,0,0,0,6,25,2,0,0,0,-1,-1,-1,-1,0,0,0,-1,0,0,0,0
491,4848,240.0212983582407,0,0,0,8,45,0,0,0,0,0.423276260749089,114.922502401322,-1,-1,0,0,0,-1,0,0,0,0
492,1555,302.7802368166068,0,0,0,3,28,0,0,0,0,0.04465952651568116,12.19627911876531,-1,-1,0,0,0,-1,0,0,0,0
493,11559,233.1748075186331,0,0,0,8,44,1,0,0,0,0.3356679011539098,91.20969791518377,-1,-1,0,0,0,-1,0,0,0,0
494,14361,269.6152011761482,0,0,0,4,33,3,0,0,0,-1,-1,-1,-1,0,0,0,-1,0,0,0,0
495,2638,307.6853845915446,0,0,0,3,17,0,0,0,0,0.07170595024135243,19.56060273462809,-1,-1,0,0,0,-1,0,0,0,0
496,8439,248.0207358742692,0,0,0,7,32,1,0,0,0,0.1342808684212183,36.62351524141008,-1,-1,0,0,0,-1,0,0,0,0
497,46125,338.2795029999953,0,0,0,1,7,5,0,0,0,-1,-1,-1,-1,0,0,0,-1,1,1,1,0
498,15361,197.6891047892547,0,0,0,3,27,0,1,0,0,0.7023071112610783,189.4247294266443,-1,-1,0,0,0,-1,0,0,0,0
499,45503,338.2893058850671,0,0,0,1,5,3,0,0,0,-1,-1,-1,-1,0,0,0,-1,1,1,1,0
500,20969,224.4924199346389,0,0,0,0,0,1,1,0,0,-1,-1,-1,-1,0,0,0,-1,0,0,0,0
501,8496,260.3053691873869,0,0,0,6,36,3,0,0,0,0.7235988933990506,195.0656336205891,-1,-1,0,0,0,-1,1,0,0,0
502,45699,323.7603372720991,0,0,0,1,6,3,0,0,0,2.085755849981567,537.2212942041921,-1,-1,0,0,0,-1,1,1,1,0
503,6187,250.4916928678351,0,0,0,6,27,3,0,0,0,0.2832539404787412,76.96385139367327,-1,-1,0,0,0,-1,1,0,0,0
504,23859,218.7638624169694,0,0,0,0,0,4,1,0,0,-1,-1,-1,-1,0,0,0,-1,0,0,0,0
505,14002,299.5326859946471,0,0,0,2,7,1,0,0,0,-1,-1,-1,-1,0,0,0,-1,1,0,0,0
506,38163,302.6412221982425,0,0,0,4,34,4,0,0,0,-1,-1,-1,-1,0,0,0,-1,1,1,1,0
507,8823,242.2578656107755,0,0,0,6,44,4,0,0,0,1.022363105740238,273.7729085091637,-1,-1,0,0,0,-1,1,0,0,0
508,43435,338.2795030042512,0,0,0,1,5,2,0,0,0,-1,-1,-1,-1,0,0,0,-1,1,1,1,0
509,54860,303.770775518788,0,0,0,5,10,0,0,0,0,0.8642971225264761,231.8275931893174,-1,-1,0,0,0,-1,0,0,0,0
510,14059,246.0722498069946,0,0,0,3,11,4,0,0,0,1.421264716583269,375.4760092699317,-1,-1,0,0,0,-1,1,0,0,0
511,28483,258.015616499049,0,0,0,0,0,0,1,0,0,1.285498096223706,340.3206244421797,-1,-1,0,0,0,-1,0,0,0,0
512,13671,254.2972368032354,0,0,0,5,27,2,0,0,0,0.1699225569936238,46.30487486761358,-1,-1,0,0,0,-1,0,0,0,0
513,8598,267.1989124060943,0,0,0,5,26,0,0,0,0,0.8455945264256898,227.3553185734668,-1,-1,0,0,0,-1,0,0,0,0
514,8296,247.3908854174256,0,0,0,8,43,0,0,0,0,0.4723470834814413,128.0552814222657,-1,-1,0,0,0,-1,0,0,0,0
515,14172,276.6561724590478,0,0,0,4,29,4,0,0,0,-1,-1,-1,-1,0,0,0,-1,1,0,0,0
516,13727,166.800569112435,0,0,0,0,0,0,1,0,0,0.3292682480297113,89.47810292791456,-1,-1,0,0,0,-1,0,0,0,0
517,19249,257.2577189333092,0,0,0,10,28,0,0,0,0,2.164974322018872,556.382421557918,-1,-1,0,0,0,-1,0,0,0,0
518,18558,266.5610687161172,0,0,0,5,24,3,0,0,0,0.2891742962177666,78.60108926191836,-1,-1,0,0,0,-1,0,0,0,0
519,14374,283.6502470892219,0,0,0,4,28,4,0,0,0,2.052197642237443,527.4555283863976,-1,-1,0,0,0,-1,1,0,0,0
520,11223,290.650017812732,0,0,0,4,20,0,0,0,0,1.482027546666346,392.1871814924257,-1,-1,0,0,0,-1,0,0,0,0
521,15967,196.9663150692508,0,0,0,1,11,1,1,0,0,0.5876300438342873,158.8810579190839,-1,-1,0,0,0,-1,0,0,0,0
522,12342,247.9841081845675,0,0,0,5,24,6,0,0,0,1.594284615261226,419.054190289229,-1,-1,0,0,0,-1,1,0,0,0
523,15469,293.6209813956011,0,0,0,5,23,5,0,0,0,-1,-1,-1,-1,0,0,0,-1,1,0,0,0
524,6514,213.3289042326654,0,0,0,8,49,1,0,0,0,-1,-1,-1,-1,0,0,0,-1,0,0,0,0
525,42877,338.2795030007171,0,0,0,1,6,2,0,0,0,-1,-1,-1,-1,0,0,0,-1,1,1,1,0
526,68751,338.3336642682649,0,0,0,1,6,0,0,0,0,0.1166546953119462,31.82364228674803,-1,-1,0,0,0,-1,0,0,0,0
527,10067,219.2973920955821,0,0,0,11,45,1,0,0,0,-1,-1,-1,-1,0,0,0,-1,0,0,0,0
528,14570,261.0248515038201,0,0,0,3,10,4,0,0,0,0.8119015136814006,218.5219612735779,-1,-1,0,0,0,-1,1,0,0,0
529,6063,253.1221366274793,0,0,0,8,31,0,0,0,0,0.3329788069974612,90.45380109098198,-1,-1,0,0,0,-1,0,0,0,0
530,4017,161.2553500624151,0,0,0,11,38,0,0,0,0,0.1589267472057016,43.32912653593023,-1,-1,0,0,0,-1,0,0,0,0
531,6561,255.1950261303982,0,0,0,5,27,3,0,0,0,0.338058274449906,91.83562343472957,-1,-1,0,0,0,-1,1,0,0,0
532,5508,241.653257619956,0,0,0,9,38,4,0,0,0,0.2874829203164542,78.17813118487761,-1,-1,0,0,0,-1,1,0,0,0
533,12033,274.5392572564184,0,0,0,1,9,5,0,0,0,-1,-1,-1,-1,0,0,0,-1,1,0,0,0
534,8887,295.6998486742178,0,0,0,3,23,1,0,0,0,-1,-1,-1,-1,0,0,0,-1,0,0,0,0
535,12369,238.4054584270971,0,0,0,5,25,4,0,0,0,-1,-1,-1,-1,0,0,0,-1,1,0,0,0
536,13779,271.750415746728,0,0,0,3,21,1,0,0,0,-1,-1,-1,-1,0,0,0,-1,0,0,0,0
537,8974,254.423234579561,0,0,0,6,31,4,0,0,0,-1,-1,-1,-1,0,0,0,-1,1,0,0,0
538,54387,323.9513603200716,0,0,0,3,7,0,0,0,0,0.4617899129893193,125.2325305661956,-1,-1,0,0,0,-1,0,0,0,0
539,3449,262.539874241346,0,0,0,4,27,1,0,0,0,0.2132633558745211,58.0777151064338,-1,-1,0,0,0,-1,0,0,0,0
540,15248,268.3834702329418,0,0,0,5,16,1,0,0,0,-1,-1,-1,-1,0,0,0,-1,1,0,0,0
541,70923,338.276752973309,0,0,0,1,5,0,0,0,0,0.5116746299010648,138.6674616069244,-1,-1,0,0,0,-1,0,0,0,0
542,5586,246.4507191282679,0,0,0,6,45,0,0,0,0,0.4455741460655721,120.8431202147752,-1,-1,0,0,0,-1,0,0,0,0
543,50432,338.2767529983067,0,0,0,1,9,0,0,0,0,0.02797489408498646,7.642072331423092,-1,-1,0,0,0,-1,0,0,0,0
544,39583,338.2795030014324,0,0,0,1,8,3,0,0,0,-1,-1,-1,-1,0,0,0,-1,1,1,1,0
545,43923,338.344758429363,0,0,0,1,5,2,0,0,0,-1,-1,-1,-1,0,0,0,-1,1,1,1,0
546,14512,255.4844726328376,0,0,0,9,36,7,0,0,0,-1,-1,-1,-1,0,0,0,-1,1,0,0,0
547,30286,269.3259122648267,0,0,0,0,0,1,1,0,0,-1,-1,-1,-1,0,0,0,-1,0,0,0,0
548,43499,338.2795030008472,0,0,0,1,5,4,0,0,0,-1,-1,-1,-1,0,0,0,-1,1,1,1,0
549,16659,310.2376469437421,0,0,0,3,24,5,0,0,0,1.537471182878472,404.6120476448372,-1,-1,0,0,0,-1,1,0,0,0
550,7336,256.253063536815,0,0,0,6,29,0,0,0,0,0.6105787272690414,165.0531274122493,-1,-1,0,0,0,-1,0,0,0,0
551,9202,212.8062519458325,0,0,0,9,37,0,0,0,0,0.7598973998590606,204.4648722162072,-1,-1,0,0,0,-1,0,0,0,0
552,49758,304.0287190458478,0,0,0,2,14,0,0,0,0,0.4896846382668585,132.5953402898548,-1,-1,0,0,0,-1,0,0,0,0
553,8515,275.0376553918375,0,0,0,5,35,3,0,0,0,-1,-1,-1,-1,0,0,0,-1,0,0,0,0
554,11052,253.2380018516201,0,0,0,6,30,4,0,0,0,0.2846175817120753,77.40435601098912,-1,-1,0,0,0,-1,1,0,0,0
555,15418,256.3209340650382,0,0,0,6,34,0,0,0,0,2.204157824674682,567.8106610851264,-1,-1,0,0,0,-1,0,0,0,0
556,14623,272.6932729952263,0,0,0,5,45,3,0,0,0,-1,-1,-1,-1,0,0,0,-1,1,0,0,0
557,8817,191.0621608775024,0,0,0,11,70,3,0,0,0,0.3764145293991606,102.2405669439339,-1,-1,0,0,0,-1,0,0,0,0
558,42551,338.2795030027517,0,0,0,1,4,4,0,0,0,-1,-1,-1,-1,0,0,0,-1,1,1,1,0
559,12589,267.7081043789606,0,0,0,9,43,0,0,0,0,0.7357704871333388,198.2800532433498,-1,-1,0,0,0,-1,0,0,0,0
560,47844,283.5129992927049,0,0,0,3,30,1,0,0,0,0.03146810152469279,8.596768970216948,-1,-1,0,0,0,-1,0,0,0,0
561,14444,278.129901649928,0,0,0,2,12,2,0,0,0,-1,-1,-1,-1,0,0,0,-1,1,0,0,0
562,44412,338.2795030036465,0,0,0,1,8,2,0,0,0,-1,-1,-1,-1,0,0,0,-1,1,1,1,0
563,14431,285.8032623117962,0,0,0,4,19,6,0,0,0,-1,-1,-1,-1,0,0,0,-1,1,0,0,0
564,19583,239.9882635103026,0,0,0,0,0,1,1,0,0,-1,-1,-1,-1,0,0,0,-1,0,0,0,0
565,11197,315.9676349717378,0,0,0,1,14,0,0,0,0,1.213732587762845,322.9069956275983,-1,-1,0,0,0,-1,0,0,0,0
566,14399,297.9970361536901,0,0,0,3,22,0,0,0,0,3.106767938159217,724.9378016488124,3.106767938159217,-1,0,0,0,-1,1,0,0,0
567,23290,210.8443552472258,0,0,0,1,10,3,1,0,0,-1,-1,-1,-1,0,0,0,-1,0,0,0,0
568,18190,258.5153689889452,0,0,0,8,36,2,0,0,0,-1,-1,-1,-1,0,0,0,-1,0,0,0,0
569,14505,293.2419066606576,0,0,0,3,14,1,0,0,0,-1,-1,-1,-1,0,0,0,-1,0,0,0,0
570,9944,201.5135010438724,0,0,0,10,64,1,0,0,0,0.8067873124223874,217.3059491729705,-1,-1,0,0,0,-1,0,0,0,0
571,42635,338.2795030024432,0,0,0,1,5,2,0,0,0,-1,-1,-1,-1,0,0,0,-1,1,1,1,0
572,43001,338.2795029987655,0,0,0,1,5,2,0,0,0,-1,-1,-1,-1,0,0,0,-1,1,1,1,0
573,15631,296.0664289134763,0,0,0,4,35,6,0,0,0,-1,-1,-1,-1,0,0,0,-1,1,0,0,0
574,16601,236.1712174516225,0,0,0,9,55,1,0,0,0,-1,-1,-1,-1,0,0,0,-1,0,0,0,0
575,25658,225.7710541616419,0,0,0,0,0,0,1,0,0,0.2248313723159212,61.22629562767593,-1,-1,0,0,0,-1,0,0,0,0
576,8313,272.8785236827986,0,0,0,2,9,1,0,0,0,0.8370924733456735,225.3706787712742,-1,-1,0,0,0,-1,0,0,0,0
577,14523,274.2895214113694,0,0,0,5,44,2,0,0,0,-1,-1,-1,-1,0,0,0,-1,0,0,0,0
578,15711,272.887876540664,0,0,0,3,14,1,0,0,0,-1,-1,-1,-1,0,0,0,-1,1,0,0,0
579,8423,295.5796270594049,0,0,0,3,15,1,0,0,0,-1,-1,-1,-1,0,0,0,-1,0,0,0,0
580,14681,261.2417711348058,0,0,0,5,17,2,0,0,0,-1,-1,-1,-1,0,0,0,-1,1,0,0,0
581,9706,249.8906187668741,0,0,0,7,39,5,0,0,0,0.5024620742142056,136.1390238810278,-1,-1,0,0,0,-1,1,0,0,0
582,3413,255.8012773877186,0,0,0,1,8,4,0,0,0,0.1416494339167725,38.63156218269095,-1,-1,0,0,0,-1,1,0,0,0
583,15575,287.4355739965909,0,0,0,3,23,5,0,0,0,-1,-1,-1,-1,0,0,0,-1,1,0,0,0
584,14541,280.3542746499299,0,0,0,1,7,3,0,0,0,-1,-1,-1,-1,0,0,0,-1,1,0,0,0
585,4030,216.5286956306686,0,0,0,2,23,6,0,0,0,0.2383531329053409,64.89901301657416,-1,-1,0,0,0,-1,1,0,0,0
586,14676,270.2123720618429,0,0,0,4,20,6,0,0,0,-1,-1,-1,-1,0,0,0,-1,1,0,0,0
587,65681,310.4647835064895,0,0,0,4,12,0,0,0,0,0.05804549066369499,15.85086448635249,-1,-1,0,0,0,-1,0,0,0,0
588,69457,338.3032750778234,0,0,0,1,9,0,0,0,0,0.3594589019379466,97.62451835056942,-1,-1,0,0,0,-1,0,0,0,0
589,14174,295.2313959903686,0,0,0,1,9,4,0,0,0,0.5636974125942376,152.4310049933574,-1,-1,0,0,0,-1,1,0,0,0
590,15261,264.5877956458573,0,0,0,6,39,5,0,0,0,-1,-1,-1,-1,0,0,0,-1,1,0,0,0
591,40037,322.5946098672774,0,0,0,2,18,2,0,0,0,1.127715403909836,300.5355112766653,-1,-1,0,0,0,-1,1,1,1,0
592,17327,274.5968240877348,0,0,0,5,20,0,0,0,0,2.382663293997742,604.0055579574259,-1,-1,0,0,0,-1,0,0,0,0
593,14651,298.0246581610027,0,0,0,2,15,3,0,0,0,-1,-1,-1,-1,0,0,0,-1,1,0,0,0
594,5652,198.5857708683205,0,0,0,11,74,0,0,0,0,0.2810262689376903,76.25124675322965,-1,-1,0,0,0,-1,0,0,0,0
595,15066,278.1067741611762,0,0,0,3,13,5,0,0,0,-1,-1,-1,-1,0,0,0,-1,1,0,0,0
596,14479,258.2003991064626,0,0,0,4,19,4,0,0,0,-1,-1,-1,-1,0,0,0,-1,1,0,0,0
597,15598,264.702472093755,0,0,0,5,20,2,0,0,0,-1,-1,-1,-1,0,0,0,-1,1,0,0,0
598,14193,278.1299016498228,0,0,0,2,11,3,0,0,0,-1,-1,-1,-1,0,0,0,-1,1,0,0,0
599,1689,259.8128047981177,0,0,0,5,26,0,0,0,0,0.03165728394069151,8.647430274837296,-1,-1,0,0,0,-1,0,0,0,0
600,16222,287.2128106315495,0,0,0,4,21,2,0,0,0,-1,-1,-1,-1,0,0,0,-1,1,0,0,0
601,53259,322.617906364548,0,0,0,3,18,1,0,0,0,-1,-1,-1,-1,0,0,0,-1,0,0,0,0
602,72425,338.3475349714412,0,0,0,2,8,0,0,0,0,0.3770139228881694,102.3659821660849,-1,-1,0,0,0,-1,0,0,0,0
603,15193,283.6181054022002,0,0,0,4,20,5,0,0,0,-1,-1,-1,-1,0,0,0,-1,1,0,0,0
604,7301,231.5106735763461,0,0,0,6,45,3,0,0,0,0.4119544285012768,111.7636795424688,-1,-1,0,0,0,-1,1,0,0,0
605,15062,268.1107079625535,0,0,0,5,27,3,0,0,0,-1,-1,-1,-1,0,0,0,-1,1,0,0,0
606,10203,200.9030910714521,0,0,0,13,50,0,0,0,0,0.5131518239358426,138.9941405001545,-1,-1,0,0,0,-1,0,0,0,0
607,15718,297.9356899414658,0,0,0,4,21,1,0,0,0,-1,-1,-1,-1,0,0,0,-1,0,0,0,0
608,52609,318.9423703257536,0,0,0,3,15,0,0,0,0,0.1975248489141657,53.82389414425079,-1,-1,0,0,0,-1,0,0,0,0
609,56146,315.1339262758283,0,0,0,1,5,0,0,0,0,1.492156647281942,393.1317326821032,-1,-1,0,0,0,-1,0,0,0,0
610,16401,285.9456873986114,0,0,0,6,29,3,0,0,0,-1,-1,-1,-1,0,0,0,-1,1,0,0,0
611,35109,299.5529850422216,0,0,0,5,16,2,0,0,0,0.1071404408511635,29.23831265781656,-1,-1,0,0,0,-1,1,1,1,0
612,16186,226.4378280120112,0,0,0,11,39,0,0,0,0,1.637824865567425,428.8204426575148,-1,-1,0,0,0,-1,0,0,0,0
613,12216,210.2462359665544,0,0,0,11,50,0,0,0,0,1.02925394813562,275.9055213779827,-1,-1,0,0,0,-1,0,0,0,0
614,44231,315.3469973234382,0,0,0,3,10,6,0,0,0,-1,-1,-1,-1,0,0,0,-1,1,1,1,0
615,34920,307.8352041531351,0,0,0,3,14,4,0,0,0,0.1918474115838034,52.28012166645209,-1,-1,0,0,0,-1,1,1,1,0
616,8686,267.0816309051629,0,0,0,8,41,0,0,0,0,0.3586991035881937,97.40201890063948,-1,-1,0,0,0,-1,0,0,0,0
617,14453,262.3404329317226,0,0,0,5,38,0,0,0,0,1.851450216073681,482.5521023152152,-1,-1,0,0,0,-1,0,0,0,0
618,11786,241.4344958299804,0,0,0,6,25,0,0,0,0,1.308829941406908,347.2167063052783,-1,-1,0,0,0,-1,0,0,0,0
619,8150,282.5401967218152,0,0,0,6,36,6,0,0,0,0.2099655562993951,57.17910113543526,-1,-1,0,0,0,-1,1,0,0,0
620,59754,315.9071753667132,0,0,0,1,8,0,0,0,0,1.141655895415286,305.0946171469936,-1,-1,0,0,0,-1,0,0,0,0
621,44410,323.8049155819417,0,0,0,1,7,5,0,0,0,1.926917137536503,500.4192019997888,-1,-1,0,0,0,-1,1,1,1,0
622,14653,278.270048770645,0,0,0,3,12,2,0,0,0,-1,-1,-1,-1,0,0,0,-1,1,0,0,0
623,57256,338.31489507291,0,0,0,1,8,0,0,0,0,0.2708747247772668,73.72086325234748,-1,-1,0,0,0,-1,0,0,0,0
624,65024,326.1329497450232,0,0,0,2,8,0,0,0,0,0.06860592883884992,18.73359411586099,-1,-1,0,0,0,-1,0,0,0,0
625,8286,268.5618668062551,0,0,0,4,23,0,0,0,0,0.7965097934807263,214.3729051548387,-1,-1,0,0,0,-1,0,0,0,0
626,14896,268.213629800105,0,0,0,2,6,5,0,0,0,-1,-1,-1,-1,0,0,0,-1,1,0,0,0
627,13759,227.3687579625811,0,0,0,6,32,4,0,0,0,-1,-1,-1,-1,0,0,0,-1,1,0,0,0
628,33655,295.6634116783564,0,0,0,5,20,5,0,0,0,0.03660090724265536,9.998191554905606,-1,-1,0,0,0,-1,1,1,1,0
629,45126,338.2795029941631,0,0,0,1,5,1,0,0,0,-1,-1,-1,-1,0,0,0,-1,1,1,1,0
630,70693,326.1489257552826,0,0,0,1,3,0,0,0,0,0.4089224115992453,110.897996352156,-1,-1,0,0,0,-1,0,0,0,0
631,5377,244.5143818542077,0,0,0,7,42,3,0,0,0,0.106815907549409,29.119371198605,-1,-1,0,0,0,-1,0,0,0,0
632,8942,279.2029736971165,0,0,0,5,28,3,0,0,0,0.7665403505693587,206.5410385058528,-1,-1,0,0,0,-1,1,0,0,0
633,15170,274.9481904527935,0,0,0,6,22,0,0,0,0,3.082211912393367,714.2146513031669,3.082211912393367,-1,0,0,0,-1,1,0,0,0
634,14593,302.9121621990224,0,0,0,4,23,1,0,0,0,-1,-1,-1,-1,0,0,0,-1,0,0,0,0
635,42910,338.2795029992433,0,0,0,1,5,5,0,0,0,-1,-1,-1,-1,0,0,0,-1,1,1,1,0
636,12365,236.0174343077402,0,0,0,6,27,4,0,0,0,1.638602567936251,430.6128097545654,-1,-1,0,0,0,-1,1,0,0,0
637,14471,255.2432367274238,0,0,0,7,47,0,0,0,0,1.783485726959908,465.9886429552363,-1,-1,0,0,0,-1,0,0,0,0
638,44209,338.2795030019594,0,0,0,1,8,5,0,0,0,-1,-1,-1,-1,0,0,0,-1,1,1,1,0
639,7268,262.745110685053,0,0,0,9,39,5,0,0,0,0.2068572861747055,56.33727174810484,-1,-1,0,0,0,-1,1,0,0,0
640,12446,274.6425853720388,0,0,0,2,12,4,0,0,0,-1,-1,-1,-1,0,0,0,-1,1,0,0,0
641,44783,295.6072685624055,0,0,0,5,32,0,0,0,0,0.3450688191111971,93.71182700975612,-1,-1,0,0,0,-1,0,0,0,0
642,45591,338.2795029949172,0,0,0,1,6,1,0,0,0,-1,-1,-1,-1,0,0,0,-1,1,1,1,0
643,16524,274.0507434099562,0,0,0,7,45,0,0,0,0,2.323693494573555,590.6937902785978,-1,-1,0,0,0,-1,0,0,0,0
644,14974,277.4682768403901,0,0,0,4,24,4,0,0,0,-1,-1,-1,-1,0,0,0,-1,1,0,0,0
645,16955,168.1887976180315,0,0,0,7,38,2,1,0,0,0.9779342596512577,262.1681274274562,-1,-1,0,0,0,-1,0,0,0,0
646,44741,338.2795030097247,0,0,0,1,7,4,0,0,0,-1,-1,-1,-1,0,0,0,-1,1,1,1,0
647,9093,302.8044805217269,0,0,0,3,33,1,0,0,0,-1,-1,-1,-1,0,0,0,-1,0,0,0,0
648,2002,251.3108272898422,0,0,0,6,44,0,0,0,0,0.2232138348456978,60.77264894459024,-1,-1,0,0,0,-1,0,0,0,0
649,16199,279.7480232510921,0,0,0,4,25,1,0,0,0,-1,-1,-1,-1,0,0,0,-1,0,0,0,0
650,59673,307.7853317050388,0,0,0,2,16,0,0,0,0,0.5825157586412568,157.5055749136025,-1,-1,0,0,0,-1,0,0,0,0
651,14343,305.29065034428,0,0,0,2,16,2,0,0,0,-1,-1,-1,-1,0,0,0,-1,1,0,0,0
652,3786,236.3725086784004,0,0,0,6,45,7,0,0,0,0.3693064450298597,100.3188045444775,-1,-1,0,0,0,-1,1,0,0,0
653,12104,291.2752144912225,0,0,0,3,31,1,0,0,0,0.7188722865160432,193.3440121844751,-1,-1,0,0,0,-1,0,0,0,0
654,12012,300.8291347082755,0,0,0,3,24,4,0,0,0,-1,-1,-1,-1,0,0,0,-1,1,0,0,0
655,44963,338.2795029997393,0,0,0,1,5,1,0,0,0,-1,-1,-1,-1,0,0,0,-1,1,1,1,0
656,5169,288.371976709008,0,0,0,4,32,0,0,0,0,0.5127440259564968,138.9748716306125,-1,-1,0,0,0,-1,0,0,0,0
657,44046,340.5038760000024,0,0,0,1,4,5,0,0,0,-1,-1,-1,-1,0,0,0,-1,1,1,1,0
658,54602,338.3034200263858,0,0,0,1,7,0,0,0,0,0.6585540613787547,177.8149632606665,-1,-1,0,0,0,-1,0,0,0,0
659,7914,231.6101166050484,0,0,0,9,37,0,0,0,0,0.4738772663506015,128.4448629664995,-1,-1,0,0,0,-1,0,0,0,0
660,38063,315.9270619261171,0,0,0,1,6,3,0,0,0,0.5939949266245276,160.5112773158984,-1,-1,0,0,0,-1,1,1,1,0
661,44160,338.2795029999505,0,0,0,1,7,2,0,0,0,-1,-1,-1,-1,0,0,0,-1,1,1,1,0
662,46619,338.2795030016528,0,0,0,1,6,2,0,0,0,-1,-1,-1,-1,0,0,0,-1,1,1,1,0
663,14066,273.5011603380832,0,0,0,3,20,4,0,0,0,-1,-1,-1,-1,0,0,0,-1,1,0,0,0
664,2183,257.1763395225571,0,0,0,6,45,0,0,0,0,0.02723420580910108,7.44111936440458,-1,-1,0,0,0,-1,0,0,0,0
665,72500,340.5011259802806,0,0,0,1,8,0,0,0,0,0.3987273071159348,108.2065503094945,-1,-1,0,0,0,-1,0,0,0,0
666,9904,265.8990360541247,0,0,0,5,32,0,0,0,0,0.8984877678089502,240.0179355805627,-1,-1,0,0,0,-1,0,0,0,0
667,35504,289.1092443874564,0,0,0,3,12,6,0,0,0,0.3879626062856112,105.2716425720841,-1,-1,0,0,0,-1,1,1,1,0
668,68311,338.2767530037965,0,0,0,1,4,0,0,0,0,1.380716014355581,365.9498626612913,-1,-1,0,0,0,-1,0,0,0,0
669,60048,326.0934116328947,0,0,0,2,8,1,0,0,0,-1,-1,-1,-1,0,0,0,-1,0,0,0,0
670,9664,315.9271206730061,0,0,0,1,8,0,0,0,0,0.9880827460728735,263.5876212452138,-1,-1,0,0,0,-1,0,0,0,0
671,7675,258.6097017514779,0,0,0,3,23,4,0,0,0,0.7744013104431445,208.5037357747909,-1,-1,0,0,0,-1,0,0,0,0
672,68972,338.2767529608851,0,0,0,1,8,0,0,0,0,0.7747354757211217,208.7925067275407,-1,-1,0,0,0,-1,0,0,0,0
673,16136,270.217656895189,0,0,0,5,30,1,0,0,0,-1,-1,-1,-1,0,0,0,-1,0,0,0,0
674,45466,338.2795029927447,0,0,0,1,8,6,0,0,0,-1,-1,-1,-1,0,0,0,-1,1,1,1,0
675,11794,280.1074051956961,0,0,0,5,32,3,0,0,0,1.289706067906875,341.9140274645029,-1,-1,0,0,0,-1,1,0,0,0
676,13106,282.7504974173299,0,0,0,4,27,1,0,0,0,-1,-1,-1,-1,0,0,0,-1,0,0,0,0
677,16438,284.600902162097,0,0,0,5,24,4,0,0,0,-1,-1,-1,-1,0,0,0,-1,1,0,0,0
678,38640,305.0181151073173,0,0,0,4,17,6,0,0,0,-1,-1,-1,-1,0,0,0,-1,1,1,1,0
679,45014,326.1442273692879,0,0,0,1,7,4,0,0,0,2.039772734271422,526.1017111594365,-1,-1,0,0,0,-1,1,1,1,0
680,15583,204.7426506887312,0,0,0,12,43,0,0,0,0,1.08637879530379,289.7552704173843,-1,-1,0,0,0,-1,0,0,0,0
681,42055,302.9337966571259,0,0,0,3,31,4,0,0,0,1.408447389152573,372.1616810419418,-1,-1,0,0,0,-1,1,1,1,0
682,44127,340.5571772454401,0,0,0,1,6,4,0,0,0,-1,-1,-1,-1,0,0,0,-1,1,1,1,0
683,15568,277.4539360696474,0,0,0,4,27,2,0,0,0,-1,-1,-1,-1,0,0,0,-1,1,0,0,0
684,15727,297.2859345220105,0,0,0,3,20,4,0,0,0,-1,-1,-1,-1,0,0,0,-1,1,0,0,0
685,60655,326.2615083413502,0,0,0,2,11,0,0,0,0,1.076359262055112,287.0167722865064,-1,-1,0,0,0,-1,0,0,0,0
686,58278,308.0628349036249,0,0,0,3,5,0,0,0,0,1.211273978022805,321.9284403350437,-1,-1,0,0,0,-1,0,0,0,0
687,14998,290.9644494553842,0,0,0,4,32,5,0,0,0,-1,-1,-1,-1,0,0,0,-1,1,0,0,0
688,14366,302.8762345153643,0,0,0,3,24,1,0,0,0,-1,-1,-1,-1,0,0,0,-1,0,0,0,0
689,6795,271.047450302516,0,0,0,3,27,0,0,0,0,0.7710503176468905,207.557717018023,-1,-1,0,0,0,-1,0,0,0,0
690,15334,265.6339076014767,0,0,0,7,28,0,0,0,0,3.264524061356544,764.8524152578763,3.264524061356544,-1,0,0,0,-1,1,0,0,0
691,15610,295.6908636519785,0,0,0,5,22,2,0,0,0,-1,-1,-1,-1,0,0,0,-1,1,0,0,0
692,9225,258.0221147016524,0,0,0,5,38,2,0,0,0,0.9819589876000884,263.2545424612625,-1,-1,0,0,0,-1,1,0,0,0
693,15717,247.5034696961174,0,0,0,6,24,1,0,0,0,-1,-1,-1,-1,0,0,0,-1,0,0,0,0
694,43923,338.2795030018253,0,0,0,1,5,3,0,0,0,-1,-1,-1,-1,0,0,0,-1,1,1,1,0
695,73396,338.2767529566766,0,0,0,1,7,0,0,0,0,0.4019610921357403,109.1686565522649,-1,-1,0,0,0,-1,0,0,0,0
696,14192,256.6959684100084,0,0,0,4,29,4,0,0,0,-1,-1,-1,-1,0,0,0,-1,1,0,0,0
697,58111,302.8342978061864,0,0,0,3,21,0,0,0,0,0.6325906838312855,170.5702090129608,-1,-1,0,0,0,-1,0,0,0,0
698,61047,338.3042477010309,0,0,0,1,6,1,0,0,0,-1,-1,-1,-1,0,0,0,-1,0,0,0,0
699,66112,338.2051959284893,0,0,0,2,10,1,0,0,0,-1,-1,-1,-1,0,0,0,-1,0,0,0,0
700,55975,315.7910207029267,0,0,0,2,9,1,0,0,0,-1,-1,-1,-1,0,0,0,-1,0,0,0,0
701,13841,277.4580444316305,0,0,0,3,32,2,0,0,0,-1,-1,-1,-1,0,0,0,-1,1,0,0,0
702,14652,250.0407019291952,0,0,0,6,40,0,0,0,0,1.78043657187817,464.2468766303747,-1,-1,0,0,0,-1,0,0,0,0
703,14933,274.1947795131666,0,0,0,5,13,2,0,0,0,-1,-1,-1,-1,0,0,0,-1,1,0,0,0
704,7321,224.9270595592689,0,0,0,9,41,0,0,0,0,0.7156976907173271,192.5147267105646,-1,-1,0,0,0,-1,0,0,0,0
705,31699,269.998395018936,0,0,0,5,26,4,0,0,0,-1,-1,-1,-1,0,0,0,-1,1,1,1,0
706,15541,305.5543475031528,0,0,0,3,19,4,0,0,0,-1,-1,-1,-1,0,0,0,-1,1,0,0,0
707,12228,211.2393809395301,0,0,0,10,57,1,0,0,0,-1,-1,-1,-1,0,0,0,-1,0,0,0,0
708,22040,202.2636867999597,0,0,0,0,0,0,1,0,0,0.2186176186352574,59.50659807665956,-1,-1,0,0,0,-1,0,0,0,0
709,10979,264.0915148418279,0,0,0,5,34,6,0,0,0,-1,-1,-1,-1,0,0,0,-1,1,0,0,0
710,11766,272.3135698984633,0,0,0,1,7,5,0,0,0,0.9405349616034985,252.0405633571193,-1,-1,0,0,0,-1,1,0,0,0
711,43999,340.5737585567076,0,0,0,1,3,3,0,0,0,-1,-1,-1,-1,0,0,0,-1,1,1,1,0
712,17664,273.3483783179333,0,0,0,5,22,5,0,0,0,-1,-1,-1,-1,0,0,0,-1,1,0,0,0
713,10572,267.2041089127646,0,0,0,5,48,0,0,0,0,1.299971550068711,345.4247439344728,-1,-1,0,0,0,-1,0,0,0,0
714,14352,280.398947573975,0,0,0,1,14,4,0,0,0,-1,-1,-1,-1,0,0,0,-1,1,0,0,0
715,14417,272.7867858932536,0,0,0,5,40,3,0,0,0,-1,-1,-1,-1,0,0,0,-1,1,0,0,0
716,14713,274.8947146425767,0,0,0,4,23,2,0,0,0,-1,-1,-1,-1,0,0,0,-1,1,0,0,0
717,46236,297.7897500624171,0,0,0,2,19,0,0,0,0,0.4037763172263824,109.5222869558987,-1,-1,0,0,0,-1,0,0,0,0
718,10201,279.72036310159,0,0,0,1,7,3,0,0,0,-1,-1,-1,-1,0,0,0,-1,1,0,0,0
719,10520,246.8000487784279,0,0,0,6,27,3,0,0,0,0.6616301943304789,178.4501051907032,-1,-1,0,0,0,-1,1,0,0,0
720,43035,331.0918530979118,0,0,0,1,7,5,0,0,0,-1,-1,-1,-1,0,0,0,-1,1,1,1,0
721,44383,338.2795029964567,0,0,0,1,10,4,0,0,0,-1,-1,-1,-1,0,0,0,-1,1,1,1,0
722,11679,203.050780405682,0,0,0,12,54,0,0,0,0,0.9483517154099278,254.4461670789253,-1,-1,0,0,0,-1,0,0,0,0
723,7612,218.8787951915508,0,0,0,10,54,2,0,0,0,0.1574043627744097,42.91096109827355,-1,-1,0,0,0,-1,0,0,0,0
724,16299,269.2373225912767,0,0,0,5,19,3,0,0,0,-1,-1,-1,-1,0,0,0,-1,1,0,0,0
725,14642,278.0327196133405,0,0,0,2,21,4,0,0,0,-1,-1,-1,-1,0,0,0,-1,1,0,0,0
726,13694,246.1082661061762,0,0,0,10,33,0,0,0,0,0.9148877021200003,245.6981004934651,-1,-1,0,0,0,-1,0,0,0,0
727,52717,315.44237738459,0,0,0,4,23,0,0,0,0,1.467378640594441,386.9099026309371,-1,-1,0,0,0,-1,0,0,0,0
728,11483,273.1326017910836,0,0,0,1,9,6,0,0,0,-1,-1,-1,-1,0,0,0,-1,1,0,0,0
729,12468,280.2092833661848,0,0,0,1,12,4,0,0,0,-1,-1,-1,-1,0,0,0,-1,1,0,0,0
730,3370,249.7129476684915,0,0,0,9,44,0,0,0,0,0.1604584613195739,43.74265289107667,-1,-1,0,0,0,-1,0,0,0,0
731,12433,295.9181512402038,0,0,0,4,23,8,0,0,0,-1,-1,-1,-1,0,0,0,-1,1,0,0,0
732,18832,290.7116443521084,0,0,0,5,20,3,0,0,0,-1,-1,-1,-1,0,0,0,-1,1,0,0,0
733,3218,220.1936502713238,0,0,0,9,61,6,0,0,0,0.07970083720902695,21.75339459822167,-1,-1,0,0,0,-1,1,0,0,0
734,14461,259.0262920011655,0,0,0,3,22,4,0,0,0,-1,-1,-1,-1,0,0,0,-1,1,0,0,0
735,41537,331.1024598122983,0,0,0,1,5,3,0,0,0,1.213235098455877,323.4770057362776,-1,-1,0,0,0,-1,1,1,1,0
736,20535,191.1401234807775,0,0,0,0,0,0,1,0,0,0.1204657196242169,32.86579957246575,-1,-1,0,0,0,-1,0,0,0,0
737,15958,288.6269202249024,0,0,0,4,26,2,0,0,0,-1,-1,-1,-1,0,0,0,-1,1,0,0,0
738,3095,204.4357997559504,0,0,0,10,37,0,0,0,0,0.08509311754258619,23.2185738668801,-1,-1,0,0,0,-1,0,0,0,0
739,12492,275.0774976359182,0,0,0,4,32,6,0,0,0,0.8537125235878389,229.2661150533342,-1,-1,0,0,0,-1,1,0,0,0
740,5958,269.4398535381826,0,0,0,4,41,0,0,0,0,0.6552853000325404,176.9420282607168,-1,-1,0,0,0,-1,0,0,0,0
741,53837,338.3759546196783,0,0,0,1,5,0,0,0,0,0.63057025712401,170.2422694107421,-1,-1,0,0,0,-1,0,0,0,0
742,16636,268.9325398725969,0,0,0,4,8,2,0,0,0,1.154837711093158,308.0159389690834,-1,-1,0,0,0,-1,1,0,0,0
743,52190,318.922252728691,0,0,0,2,13,0,0,0,0,0.3626037974656532,98.47688950644837,-1,-1,0,0,0,-1,0,0,0,0
744,10837,302.8627311835259,0,0,0,3,28,0,0,0,0,1.006530674958976,269.1338478414289,-1,-1,0,0,0,-1,0,0,0,0
745,44376,338.2795029917219,0,0,0,1,7,5,0,0,0,-1,-1,-1,-1,0,0,0,-1,1,1,1,0
746,11967,248.3708207165537,0,0,0,7,25,2,0,0,0,1.152778778868721,307.7978355827727,-1,-1,0,0,0,-1,1,0,0,0
747,43476,338.3444066806431,0,0,0,1,6,6,0,0,0,-1,-1,-1,-1,0,0,0,-1,1,1,1,0
748,2309,250.6484766416949,0,0,0,5,30,3,0,0,0,0.103259955601312,28.15352217397883,-1,-1,0,0,0,-1,1,0,0,0
749,14111,275.6147525617118,0,0,0,3,18,2,0,0,0,-1,-1,-1,-1,0,0,0,-1,1,0,0,0
750,15402,262.7579865013127,0,0,0,5,28,3,0,0,0,-1,-1,-1,-1,0,0,0,-1,1,0,0,0
751,13618,286.8547577305645,0,0,0,1,9,3,0,0,0,-1,-1,-1,-1,0,0,0,-1,1,0,0,0
752,8686,295.6198110062234,0,0,0,4,26,0,0,0,0,0.8097183624125954,217.7380885855349,-1,-1,0,0,0,-1,0,0,0,0
753,63224,311.3923794220691,0,0,0,1,10,0,0,0,0,0.1965876671066209,53.52964049890495,-1,-1,0,0,0,-1,0,0,0,0
754,43278,338.2795029999481,0,0,0,1,7,2,0,0,0,-1,-1,-1,-1,0,0,0,-1,1,1,1,0
755,13840,254.2829016499319,0,0,0,2,15,2,0,0,0,-1,-1,-1,-1,0,0,0,-1,1,0,0,0
756,44267,338.2795029997568,0,0,0,1,5,2,0,0,0,-1,-1,-1,-1,0,0,0,-1,1,1,1,0
757,69431,338.2767529966471,0,0,0,1,8,0,0,0,0,0.6995245575943165,188.2243700167935,-1,-1,0,0,0,-1,0,0,0,0
758,16911,267.6097279511524,0,0,0,7,43,2,0,0,0,1.644378181326649,430.9935424585332,-1,-1,0,0,0,-1,1,0,0,0
759,49058,321.1866113904545,0,0,0,2,7,0,0,0,0,0.1987641697018042,54.09180310503871,-1,-1,0,0,0,-1,0,0,0,0
760,62676,326.0669624870059,0,0,0,1,3,0,0,0,0,1.449203519779514,382.4530271058084,-1,-1,0,0,0,-1,0,0,0,0
761,14304,284.8528721443993,0,0,0,4,15,0,0,0,0,1.359004164601704,360.4451271050024,-1,-1,0,0,0,-1,0,0,0,0
762,16675,208.0112134473852,0,0,0,3,21,1,1,0,0,1.463131299224444,386.2330977888294,-1,-1,0,0,0,-1,0,0,0,0
763,13552,272.3609736216806,0,0,0,4,24,1,0,0,0,-1,-1,-1,-1,0,0,0,-1,0,0,0,0
764,51880,307.8109347575283,0,0,0,3,17,0,0,0,0,0.6932933144095458,186.9611283408068,-1,-1,0,0,0,-1,0,0,0,0
765,54707,322.5809937909144,0,0,0,3,17,0,0,0,0,0.5261464426360902,142.5357504259924,-1,-1,0,0,0,-1,0,0,0,0
766,27176,247.2710690141467,0,0,0,0,0,1,1,0,0,-1,-1,-1,-1,0,0,0,-1,0,0,0,0
767,42883,338.2795030048172,0,0,0,1,5,2,0,0,0,-1,-1,-1,-1,0,0,0,-1,1,1,1,0
768,41715,310.4762252737519,0,0,0,3,19,5,0,0,0,-1,-1,-1,-1,0,0,0,-1,1,1,1,0
769,11507,280.4452569732384,0,0,0,4,30,0,0,0,0,1.298349841200746,342.91697039935,-1,-1,0,0,0,-1,0,0,0,0
770,66840,326.113344931653,0,0,0,1,6,0,0,0,0,0.4895349710316165,132.7041430486843,-1,-1,0,0,0,-1,0,0,0,0
771,15793,262.7174786555246,0,0,0,7,41,1,0,0,0,-1,-1,-1,-1,0,0,0,-1,0,0,0,0
772,8974,217.0004369500488,0,0,0,8,41,1,0,0,0,0.8878114822859935,238.291028181285,-1,-1,0,0,0,-1,0,0,0,0
773,12666,267.5105246417698,0,0,0,4,24,5,0,0,0,1.606396690755157,423.1483268612134,-1,-1,0,0,0,-1,1,0,0,0
774,45781,338.2985359166132,0,0,0,1,2,2,0,0,0,-1,-1,-1,-1,0,0,0,-1,1,1,1,0
775,7382,210.8396304030372,0,0,0,9,52,0,0,0,0,0.4764840040558996,129.2169777685608,-1,-1,0,0,0,-1,0,0,0,0
776,15989,229.2653320651059,0,0,0,9,44,0,0,0,0,1.985449579043035,515.5699231659,-1,-1,0,0,0,-1,0,0,0,0
777,15543,234.0135017370061,0,0,0,11,38,0,0,0,0,1.694740813824257,443.0768380612695,-1,-1,0,0,0,-1,0,0,0,0
778,6954,262.1635686719628,0,0,0,6,40,0,0,0,0,0.5297722526892944,143.3483680745898,-1,-1,0,0,0,-1,0,0,0,0
779,56529,318.9401169610865,0,0,0,3,7,0,0,0,0,0.793899164713933,213.7318788966418,-1,-1,0,0,0,-1,0,0,0,0
780,13919,275.6237983245341,0,0,0,2,19,2,0,0,0,-1,-1,-1,-1,0,0,0,-1,1,0,0,0
781,16729,244.4852565611056,0,0,0,9,49,1,0,0,0,-1,-1,-1,-1,0,0,0,-1,0,0,0,0
782,6258,230.9810354888978,0,0,0,7,32,5,0,0,0,0.3576447634977787,97.12629415545115,-1,-1,0,0,0,-1,1,0,0,0
783,52495,301.4794966477584,0,0,0,4,12,0,0,0,0,0.7115831079685425,191.8872405583102,-1,-1,0,0,0,-1,0,0,0,0
784,7986,260.90675506169,0,0,0,5,35,1,0,0,0,-1,-1,-1,-1,0,0,0,-1,0,0,0,0
785,8218,248.7574245342596,0,0,0,5,25,2,0,0,0,0.9034257232562195,242.7236685818152,-1,-1,0,0,0,-1,1,0,0,0
786,50180,306.1136881655035,0,0,0,1,1,0,0,0,0,0.6310602826273831,170.4048713378448,-1,-1,0,0,0,-1,0,0,0,0
787,15097,295.8492448616454,0,0,0,3,25,4,0,0,0,-1,-1,-1,-1,0,0,0,-1,1,0,0,0
788,44019,338.2795030005299,0,0,0,1,10,3,0,0,0,-1,-1,-1,-1,0,0,0,-1,1,1,1,0
789,52709,310.5396533072396,0,0,0,4,20,1,0,0,0,0.2566462660436204,69.83301975664659,-1,-1,0,0,0,-1,0,0,0,0
790,7864,257.4598484346678,0,0,0,2,22,4,0,0,0,-1,-1,-1,-1,0,0,0,-1,1,0,0,0
791,17738,178.4671034931259,0,0,0,0,0,0,1,0,0,1.335479281818288,353.9079079741063,-1,-1,0,0,0,-1,0,0,0,0
792,42310,331.1057569490346,0,0,0,1,8,3,0,0,0,0.8111483829713069,218.0743243117144,-1,-1,0,0,0,-1,1,1,1,0
793,12651,272.7443294196426,0,0,0,5,37,5,0,0,0,1.243800816260441,330.9537007876846,-1,-1,0,0,0,-1,1,0,0,0
794,3752,221.0472554458328,0,0,0,9,48,0,0,0,0,0.2599757418892829,70.73849761869209,-1,-1,0,0,0,-1,0,0,0,0
795,5063,213.8781668485217,0,0,0,6,26,4,0,0,0,0.2946270594066492,80.13353953003018,-1,-1,0,0,0,-1,1,0,0,0
796,49883,287.5344242373826,0,0,0,6,24,0,0,0,0,0.5258371003307779,142.3903330895494,-1,-1,0,0,0,-1,0,0,0,0
797,15141,281.5842392851202,0,0,0,2,14,1,0,0,0,-1,-1,3.177574957918864,-1,0,0,0,-1,1,0,0,0
798,8064,219.1050575271897,0,0,0,8,58,5,0,0,0,0.3523646230855873,95.60497521602873,-1,-1,0,0,0,-1,1,0,0,0
799,14308,280.4231440941218,0,0,0,1,12,3,0,0,0,-1,-1,-1,-1,0,0,0,-1,1,0,0,0
800,60185,326.188749821671,0,0,0,2,8,2,0,0,0,-1,-1,-1,-1,0,0,0,-1,0,0,0,0
801,13853,265.3379954543681,0,0,0,5,31,5,0,0,0,-1,-1,-1,-1,0,0,0,-1,1,0,0,0
802,14606,278.2444706134936,0,0,0,2,19,2,0,0,0,2.303100651861758,589.9891548704659,-1,-1,0,0,0,-1,1,0,0,0
803,5305,277.8205870713475,0,0,0,4,28,3,0,0,0,0.2303632667688116,62.73043305991769,-1,-1,0,0,0,-1,1,0,0,0
804,15693,285.120567034056,0,0,0,4,28,5,0,0,0,-1,-1,-1,-1,0,0,0,-1,1,0,0,0
805,15521,283.5303603742366,0,0,0,3,17,6,0,0,0,-1,-1,-1,-1,0,0,0,-1,1,0,0,0
806,13064,256.2592506776981,0,0,0,6,37,0,0,0,0,1.475528660706527,389.8831254979592,-1,-1,0,0,0,-1,0,0,0,0
807,54840,305.0332573773596,0,0,0,2,19,1,0,0,0,-1,-1,-1,-1,0,0,0,-1,0,0,0,0
808,17094,269.7057873836073,0,0,0,6,39,3,0,0,0,-1,-1,-1,-1,0,0,0,-1,1,0,0,0
809,44488,338.2795030000094,0,0,0,1,7,4,0,0,0,-1,-1,-1,-1,0,0,0,-1,1,1,1,0
810,56529,305.0319706986202,0,0,0,2,17,0,0,0,0,1.270436853880285,337.4641560943757,-1,-1,0,0,0,-1,0,0,0,0
811,14209,241.2210151346621,0,0,0,6,36,2,0,0,0,1.521291572944435,401.2851703564925,-1,-1,0,0,0,-1,1,0,0,0
812,12569,240.6080176873763,0,0,0,5,30,1,0,0,0,0.9905679815687574,265.3052740428436,-1,-1,0,0,0,-1,0,0,0,0
813,9547,220.0366851582459,0,0,0,10,41,0,0,0,0,0.6778892049511704,182.9849756247486,-1,-1,0,0,0,-1,0,0,0,0
814,17903,295.5992614084932,0,0,0,6,20,0,0,0,0,1.556047827458153,409.9260334654523,-1,-1,0,0,0,-1,0,0,0,0
815,14549,287.2829163562117,0,0,0,3,16,3,0,0,0,-1,-1,-1,-1,0,0,0,-1,1,0,0,0
816,14934,278.1337421992667,0,0,0,3,17,5,0,0,0,-1,-1,-1,-1,0,0,0,-1,1,0,0,0
817,734,222.4251890553099,0,0,0,9,57,0,0,0,0,0.01019796911013508,2.786891309105105,-1,-1,0,0,0,-1,0,0,0,0
818,45329,338.2795029906631,0,0,0,1,5,3,0,0,0,-1,-1,-1,-1,0,0,0,-1,1,1,1,0
819,30918,267.1494363971353,0,0,0,4,27,2,0,0,0,0.07119482385369827,19.43934397140048,-1,-1,0,0,0,-1,1,1,1,0
820,67520,331.1462010854042,0,0,0,2,6,0,0,0,0,0.8636339419214435,232.1683436870743,-1,-1,0,0,0,-1,0,0,0,0
821,7772,276.3148745623608,0,0,0,6,22,0,0,0,0,0.7410540171366209,199.6779620247784,-1,-1,0,0,0,-1,0,0,0,0
822,44162,338.2795029975667,0,0,0,1,5,4,0,0,0,-1,-1,-1,-1,0,0,0,-1,1,1,1,0
823,14263,248.2848943101952,0,0,0,6,30,5,0,0,0,0.07866795711570868,21.47755799800188,-1,-1,0,0,0,-1,0,0,0,0
824,14116,282.1234908925738,0,0,0,2,19,3,0,0,0,1.595005020782506,420.0502290292997,-1,-1,0,0,0,-1,1,0,0,0
825,50166,295.4557197082232,0,0,0,5,29,0,0,0,0,0.09902325995405334,27.02130309328296,-1,-1,0,0,0,-1,0,0,0,0
826,34481,303.1208665159101,0,0,0,3,18,5,0,0,0,-1,-1,-1,-1,0,0,0,-1,1,1,1,0
827,67059,338.2895425456416,0,0,0,1,14,0,0,0,0,0.2153249628141493,58.5617571883818,-1,-1,0,0,0,-1,0,0,0,0
828,56373,338.2767530005856,0,0,0,1,6,0,0,0,0,2.583243559754982,650.7856550537821,-1,-1,0,0,0,-1,0,0,0,0
829,12363,272.5962482841438,0,0,0,6,47,0,0,0,0,1.372001307984828,363.6482352858667,-1,-1,0,0,0,-1,0,0,0,0
830,14399,282.5881251221496,0,0,0,1,13,5,0,0,0,-1,-1,-1,-1,0,0,0,-1,1,0,0,0
831,32163,304.9975783112616,0,0,0,2,16,3,0,0,0,0.02795712435281003,7.638631155308057,-1,-1,0,0,0,-1,1,1,1,0
832,51361,310.5390449093528,0,0,0,3,16,1,0,0,0,0.7835658685754094,210.1832003212489,-1,-1,0,0,0,-1,0,0,0,0
833,16431,264.2942988238906,0,0,0,9,30,5,0,0,0,-1,-1,-1,-1,0,0,0,-1,1,0,0,0
834,9975,285.8710677249384,0,0,0,4,27,1,0,0,0,-1,-1,-1,-1,0,0,0,-1,0,0,0,0
835,14439,266.1662448018845,0,0,0,3,16,4,0,0,0,-1,-1,-1,-1,0,0,0,-1,1,0,0,0
836,11746,209.3541863782965,0,0,0,9,43,2,0,0,0,-1,-1,-1,-1,0,0,0,-1,0,0,0,0
837,7901,252.5615447417957,0,0,0,9,45,0,0,0,0,0.6783901349919353,182.998209865207,-1,-1,0,0,0,-1,0,0,0,0
838,17834,286.8598102899671,0,0,0,3,31,3,0,0,0,-1,-1,-1,-1,0,0,0,-1,0,0,0,0
839,14388,240.5689770552819,0,0,0,7,29,0,0,0,0,1.873231249655338,486.7210829709314,-1,-1,0,0,0,-1,0,0,0,0
840,1846,222.7294688297367,0,0,0,5,48,4,0,0,0,0.01752674773874522,4.788219158780355,-1,-1,0,0,0,-1,1,0,0,0
841,14728,288.6632970635227,0,0,0,4,28,6,0,0,0,-1,-1,-1,-1,0,0,0,-1,1,0,0,0
842,10805,281.2731654265319,0,0,0,2,24,6,0,0,0,-1,-1,-1,-1,0,0,0,-1,1,0,0,0
843,66834,338.2767529371665,0,0,0,1,13,0,0,0,0,1.63355908416851,428.528263125561,-1,-1,0,0,0,-1,0,0,0,0
844,15802,219.6026511434142,0,0,0,8,50,1,0,0,0,-1,-1,-1,-1,0,0,0,-1,0,0,0,0
845,3780,221.5692879388686,0,0,0,6,27,4,0,0,0,0.1743210375017639,47.48635131067202,-1,-1,0,0,0,-1,1,0,0,0
846,24504,216.9902797168378,0,0,0,0,0,0,1,0,0,0.3365632873405044,91.51625676734425,-1,-1,0,0,0,-1,0,0,0,0
847,13712,288.3628250966723,0,0,0,4,24,1,0,0,0,-1,-1,-1,-1,0,0,0,-1,0,0,0,0
848,28340,236.0917137751625,0,0,0,0,0,0,1,0,0,0.02635754542316843,7.201176404087077,-1,-1,0,0,0,-1,0,0,0,0
849,16123,280.6830554277601,0,0,0,5,23,5,0,0,0,-1,-1,-1,-1,0,0,0,-1,1,0,0,0
850,8944,286.8720501946531,0,0,0,5,30,0,0,0,0,0.9046312919234847,242.2723591897023,-1,-1,0,0,0,-1,0,0,0,0
851,37351,322.6103743418763,0,0,0,2,14,3,0,0,0,0.6231889839148484,168.1717038754,-1,-1,0,0,0,-1,1,1,1,0
852,17433,264.3175208376601,0,0,0,8,47,0,0,0,0,2.559537071795811,644.7580424521342,-1,-1,0,0,0,-1,0,0,0,0
853,5153,293.5710500553347,0,0,0,3,20,4,0,0,0,-1,-1,-1,-1,0,0,0,-1,1,0,0,0
854,15689,254.4977921495882,0,0,0,7,41,3,0,0,0,1.646426693236764,430.4912701937953,-1,-1,0,0,0,-1,1,0,0,0
855,49999,295.6223419654031,0,0,0,5,18,2,0,0,0,-1,-1,-1,-1,0,0,0,-1,0,0,0,0
856,35010,326.1136536053152,0,0,0,1,6,2,0,0,0,0.3714180212877283,100.9167721384525,-1,-1,0,0,0,-1,1,1,1,0
857,44938,331.0891206344976,0,0,0,1,7,2,0,0,0,2.296487166139271,584.2302612537742,-1,-1,0,0,0,-1,1,1,1,0
858,69310,338.3556940850042,0,0,0,1,9,0,0,0,0,0.08972474718516527,24.48978002446204,-1,-1,0,0,0,-1,0,0,0,0
859,60222,314.0660290150354,0,0,0,2,6,0,0,0,0,0.7807600411181764,210.2260459780004,-1,-1,0,0,0,-1,0,0,0,0
860,43377,338.2795029976978,0,0,0,1,8,3,0,0,0,-1,-1,-1,-1,0,0,0,-1,1,1,1,0
861,42592,338.2795030002199,0,0,0,1,6,4,0,0,0,-1,-1,-1,-1,0,0,0,-1,1,1,1,0
862,1978,238.7768345068905,0,0,0,6,28,6,0,0,0,0.04910811496843266,13.41327688094818,-1,-1,0,0,0,-1,1,0,0,0
863,13981,298.0900257324728,0,0,0,2,26,7,0,0,0,-1,-1,-1,-1,0,0,0,-1,1,0,0,0
864,41774,323.8183788300576,0,0,0,1,5,1,0,0,0,0.8244854904766246,221.8517868847319,-1,-1,0,0,0,-1,1,1,1,0
865,19035,279.9660106942869,0,0,0,6,38,0,0,0,0,2.132935778457774,545.0938147975363,-1,-1,0,0,0,-1,0,0,0,0
866,4950,239.8748721192852,0,0,0,7,40,0,0,0,0,0.3669876305230772,99.60003563694445,-1,-1,0,0,0,-1,0,0,0,0
867,12507,277.8167703036709,0,0,0,4,26,4,0,0,0,0.5565487016523829,150.2978253993316,-1,-1,0,0,0,-1,1,0,0,0
868,43293,338.2795030001116,0,0,0,1,8,2,0,0,0,-1,-1,-1,-1,0,0,0,-1,1,1,1,0
869,69955,340.5575554484111,0,0,0,1,9,0,0,0,0,0.4457881704783088,120.9337057638039,-1,-1,0,0,0,-1,0,0,0,0
870,14654,265.7087598161886,0,0,0,6,34,7,0,0,0,-1,-1,-1,-1,0,0,0,-1,1,0,0,0
871,43261,338.2795029996441,0,0,0,1,9,4,0,0,0,-1,-1,-1,-1,0,0,0,-1,1,1,1,0
872,15014,267.133787819745,0,0,0,6,44,1,0,0,0,-1,-1,-1,-1,0,0,0,-1,0,0,0,0
873,16054,284.9844717404737,0,0,0,5,23,3,0,0,0,-1,-1,-1,-1,0,0,0,-1,1,0,0,0
874,72848,338.2767529887353,0,0,0,1,7,0,0,0,0,0.1675248783681904,45.66980721961829,-1,-1,0,0,0,-1,0,0,0,0
875,9742,257.0584315515086,0,0,0,6,17,4,0,0,0,0.6514917903693774,175.9869930211051,-1,-1,0,0,0,-1,1,0,0,0
876,12370,262.5163743780728,0,0,0,5,23,3,0,0,0,1.291438624069921,342.1897256969572,-1,-1,0,0,0,-1,1,0,0,0
877,15106,295.537120364811,0,0,0,3,26,0,0,0,0,2.199513988723245,562.6040792483326,-1,-1,0,0,0,-1,0,0,0,0
878,15937,288.925611805048,0,0,0,5,24,5,0,0,0,-1,-1,-1,-1,0,0,0,-1,1,0,0,0
879,12643,295.5525139501231,0,0,0,4,28,0,0,0,0,1.467582134128276,386.1727967803899,-1,-1,0,0,0,-1,0,0,0,0
880,14630,305.2175266655572,0,0,0,2,11,2,0,0,0,-1,-1,-1,-1,0,0,0,-1,1,0,0,0
881,15021,254.8297999423723,0,0,0,4,14,5,0,0,0,-1,-1,-1,-1,0,0,0,-1,1,0,0,0
882,14193,304.2012746499668,0,0,0,1,9,3,0,0,0,-1,-1,-1,-1,0,0,0,-1,1,0,0,0
883,9471,273.5063810478815,0,0,0,3,24,2,0,0,0,0.2047405560976129,55.74240216053143,-1,-1,0,0,0,-1,0,0,0,0
884,59254,326.1941396977026,0,0,0,1,10,0,0,0,0,1.602022356978491,420.4429521529847,-1,-1,0,0,0,-1,0,0,0,0
885,35698,338.2795030007788,0,0,0,1,5,3,0,0,0,-1,-1,-1,-1,0,0,0,-1,1,1,1,0
886,43036,338.27950300469,0,0,0,1,2,2,0,0,0,-1,-1,-1,-1,0,0,0,-1,1,1,1,0
887,51822,297.9606351186616,0,0,0,5,18,0,0,0,0,0.6248555125678987,168.7230019317051,-1,-1,0,0,0,-1,0,0,0,0
888,5042,267.5689408457753,0,0,0,5,18,4,0,0,0,0.2895746685773364,78.71894154744498,-1,-1,0,0,0,-1,1,0,0,0
889,44021,267.7629757696412,0,0,0,7,28,0,0,0,0,0.3372778083809621,91.53704666619734,-1,-1,0,0,0,-1,0,0,0,0
890,14554,298.0030392296927,0,0,0,4,24,6,0,0,0,-1,-1,-1,-1,0,0,0,-1,1,0,0,0
891,61868,326.1335585676715,0,0,0,2,7,0,0,0,0,1.163556167863239,310.3125831220324,-1,-1,0,0,0,-1,0,0,0,0
892,14362,280.4019711024409,0,0,0,1,6,3,0,0,0,-1,-1,-1,-1,0,0,0,-1,1,0,0,0
893,14534,295.8195476586635,0,0,0,3,24,5,0,0,0,-1,-1,-1,-1,0,0,0,-1,1,0,0,0
894,13708,281.4629205059579,0,0,0,5,17,2,0,0,0,0.4642424416519304,125.8252142360911,-1,-1,0,0,0,-1,1,0,0,0
895,56563,338.2767529973543,0,0,0,1,10,1,0,0,0,-1,-1,-1,-1,0,0,0,-1,0,0,0,0
896,14729,247.6737108011042,0,0,0,8,25,1,0,0,0,-1,-1,-1,-1,0,0,0,-1,0,0,0,0
897,3943,227.8692647320013,0,0,0,4,21,3,0,0,0,0.3462479669250483,94.04443772108544,-1,-1,0,0,0,-1,1,0,0,0
898,43903,338.2795029994526,0,0,0,1,3,5,0,0,0,-1,-1,-1,-1,0,0,0,-1,1,1,1,0
899,7759,211.8955376559127,0,0,0,10,57,4,0,0,0,0.6492086898545349,175.1590204538838,-1,-1,0,0,0,-1,1,0,0,0
900,9220,230.8964971940441,0,0,0,4,16,5,0,0,0,-1,-1,-1,-1,0,0,0,-1,1,0,0,0
901,3404,229.1601399208364,0,0,0,9,33,0,0,0,0,0.1411854043592448,38.51083579740146,-1,-1,0,0,0,-1,0,0,0,0
902,13116,279.5808828984518,0,0,0,4,31,0,0,0,0,1.529698969463225,400.5312820193213,-1,-1,0,0,0,-1,0,0,0,0
903,17120,295.8741649839739,0,0,0,4,13,0,0,0,0,2.471028693276477,621.0356959930488,-1,-1,0,0,0,-1,0,0,0,0
904,11333,267.5222802459265,0,0,0,5,29,0,0,0,0,1.159804212538996,309.0368208373794,-1,-1,0,0,0,-1,0,0,0,0
905,57905,340.5435352952572,0,0,0,1,14,0,0,0,0,1.576138363768964,414.2066665310808,-1,-1,0,0,0,-1,0,0,0,0
906,9472,222.1676872801529,0,0,0,10,61,0,0,0,0,0.9253344043463968,248.2892882968864,-1,-1,0,0,0,-1,0,0,0,0
907,32561,281.1006925640269,0,0,0,4,26,4,0,0,0,0.200890782173491,54.68083244768028,-1,-1,0,0,0,-1,1,1,1,0
908,15936,230.9815689968024,0,0,0,6,37,2,0,0,0,-1,-1,-1,-1,0,0,0,-1,0,0,0,0
909,8917,226.9396008987263,0,0,0,10,60,0,0,0,0,0.7963582384950465,214.3220620063972,-1,-1,0,0,0,-1,0,0,0,0
910,14862,280.3923281628688,0,0,0,3,16,2,0,0,0,-1,-1,-1,-1,0,0,0,-1,1,0,0,0
911,40829,311.6982047328674,0,0,0,1,4,5,0,0,0,0.6870474128968326,185.2493313701623,-1,-1,0,0,0,-1,1,1,1,0
912,13074,256.5275727784186,0,0,0,4,16,2,0,0,0,-1,-1,-1,-1,0,0,0,-1,0,0,0,0
913,13781,279.1577593559806,0,0,0,0,1,5,0,0,0,-1,-1,-1,-1,0,0,0,-1,1,0,0,0
914,18523,173.9250676123861,0,0,0,0,0,0,1,0,0,1.526662237950835,402.149683811948,-1,-1,0,0,0,-1,0,0,0,0
915,43363,340.50387599394,0,0,0,1,6,6,0,0,0,-1,-1,-1,-1,0,0,0,-1,1,1,1,0
916,55987,302.7489831218315,0,0,0,5,28,0,0,0,0,0.07593975209557254,20.73207149298926,-1,-1,0,0,0,-1,0,0,0,0
917,12234,245.2762956035896,0,0,0,5,26,4,0,0,0,0.1088465666707134,29.69710240982832,-1,-1,0,0,0,-1,1,0,0,0
918,7718,248.7723847278212,0,0,0,7,37,0,0,0,0,0.6858102670755303,184.8435248740659,-1,-1,0,0,0,-1,0,0,0,0
919,4974,216.287775835054,0,0,0,9,52,0,0,0,0,0.3876800722284168,105.2366030112521,-1,-1,0,0,0,-1,0,0,0,0
920,65063,326.1251215067168,0,0,0,2,6,1,0,0,0,-1,-1,-1,-1,0,0,0,-1,0,0,0,0
921,41423,331.0379124082363,0,0,0,1,4,3,0,0,0,0.05883629641728711,16.06705923021861,-1,-1,0,0,0,-1,1,1,1,0
922,55957,305.0599066014993,0,0,0,3,21,0,0,0,0,1.488956806758426,393.3116758145558,-1,-1,0,0,0,-1,0,0,0,0
923,6654,246.942157745677,0,0,0,3,9,1,0,0,0,-1,-1,-1,-1,0,0,0,-1,0,0,0,0
924,2561,234.6267163910129,0,0,0,6,42,4,0,0,0,0.1189868518632005,32.46116177413242,-1,-1,0,0,0,-1,1,0,0,0
925,13496,262.7646346499627,0,0,0,0,0,3,0,0,0,-1,-1,-1,-1,0,0,0,-1,1,0,0,0
926,13590,270.4242710087209,0,0,0,6,24,1,0,0,0,-1,-1,-1,-1,0,0,0,-1,0,0,0,0
927,43087,338.3355950226292,0,0,0,1,4,5,0,0,0,0.4658654198522658,126.2284217026544,-1,-1,0,0,0,-1,1,1,1,0
928,13567,266.947225195335,0,0,0,1,9,2,0,0,0,1.698808890432739,443.7940875254914,-1,-1,0,0,0,-1,1,0,0,0
929,64901,338.3335475634947,0,0,0,1,9,0,0,0,0,0.5390905180097226,145.9696709993665,-1,-1,0,0,0,-1,0,0,0,0
930,44830,340.5038759972504,0,0,0,1,7,3,0,0,0,-1,-1,-1,-1,0,0,0,-1,1,1,1,0
931,16104,239.2554165206947,0,0,0,11,57,0,0,0,0,1.324964003284643,351.42007346046,-1,-1,0,0,0,-1,0,0,0,0
932,51704,302.8098237955264,0,0,0,3,27,0,0,0,0,0.07428237170403756,20.26665183810738,-1,-1,0,0,0,-1,0,0,0,0
933,14783,300.8483526205569,0,0,0,3,12,3,0,0,0,-1,-1,-1,-1,0,0,0,-1,1,0,0,0
934,44164,338.2795029977696,0,0,0,1,6,1,0,0,0,-1,-1,-1,-1,0,0,0,-1,1,1,1,0
935,16019,279.8685768037848,0,0,0,5,33,1,0,0,0,-1,-1,-1,-1,0,0,0,-1,0,0,0,0
936,16300,269.3756249115301,0,0,0,4,20,7,0,0,0,-1,-1,-1,-1,0,0,0,-1,1,0,0,0
937,70523,338.2767530084206,0,0,0,1,6,0,0,0,0,0.1041108019037266,28.40529483103587,-1,-1,0,0,0,-1,0,0,0,0
938,14687,247.7996404653456,0,0,0,6,15,2,0,0,0,-1,-1,-1,-1,0,0,0,-1,1,0,0,0
939,43567,338.2795029960059,0,0,0,1,5,1,0,0,0,-1,-1,-1,-1,0,0,0,-1,1,1,1,0
940,18526,268.9884496225708,0,0,0,8,31,4,0,0,0,1.991094819007543,515.1662458014524,-1,-1,0,0,0,-1,1,0,0,0
941,45268,331.0385638238538,0,0,0,1,5,3,0,0,0,2.17858846317732,560.1943877795602,-1,-1,0,0,0,-1,1,1,1,0
942,13819,273.5960040535649,0,0,0,4,14,2,0,0,0,-1,-1,-1,-1,0,0,0,-1,0,0,0,0
943,14068,273.5777066635841,0,0,0,4,27,4,0,0,0,-1,-1,-1,-1,0,0,0,-1,1,0,0,0
944,23042,217.1914121273056,0,0,0,0,0,0,1,0,0,2.592292003987255,645.2115118334943,-1,-1,0,0,0,-1,0,0,0,0
945,10841,287.2474075691626,0,0,0,5,25,2,0,0,0,0.2971639544501621,80.69883538285238,-1,-1,0,0,0,-1,0,0,0,0
946,43965,338.2795029997826,0,0,0,1,7,4,0,0,0,-1,-1,-1,-1,0,0,0,-1,1,1,1,0
947,59606,326.1398025787623,0,0,0,1,7,0,0,0,0,1.845517262294828,479.1571697936499,-1,-1,0,0,0,-1,0,0,0,0
948,14751,289.8298496903387,0,0,0,3,8,4,0,0,0,-1,-1,-1,-1,0,0,0,-1,1,0,0,0
949,14673,291.0940535246784,0,0,0,4,20,3,0,0,0,-1,-1,-1,-1,0,0,0,-1,1,0,0,0
950,6098,218.3742317407227,0,0,0,9,46,0,0,0,0,0.3813989019701809,103.577420874277,-1,-1,0,0,0,-1,0,0,0,0
951,64381,311.2447550156294,0,0,0,1,14,0,0,0,0,0.1036811745093806,28.29052094785791,-1,-1,0,0,0,-1,0,0,0,0
952,8514,238.9906671921255,0,0,0,7,46,3,0,0,0,0.7776987008302869,209.4577377209964,-1,-1,0,0,0,-1,1,0,0,0
953,14210,207.7548994896433,0,0,0,11,43,1,0,0,0,-1,-1,-1,-1,0,0,0,-1,0,0,0,0
954,12216,263.6415784827803,0,0,0,3,30,0,0,0,0,1.384876335829617,367.0865878045829,-1,-1,0,0,0,-1,0,0,0,0
955,15123,268.089972389501,0,0,0,6,30,2,0,0,0,-1,-1,-1,-1,0,0,0,-1,1,0,0,0
956,11880,287.1509548047833,0,0,0,6,38,0,0,0,0,1.177933521958144,313.5245961398797,-1,-1,0,0,0,-1,0,0,0,0
957,13882,281.3868565653443,0,0,0,4,18,3,0,0,0,-1,-1,-1,-1,0,0,0,-1,1,0,0,0
958,6773,254.1704455880603,0,0,0,5,26,2,0,0,0,0.5958498961853972,160.6364955428433,-1,-1,0,0,0,-1,1,0,0,0
959,27189,235.2772808872788,0,0,0,0,0,0,1,0,0,0.5009408414283865,135.6064102437018,-1,-1,0,0,0,-1,0,0,0,0
960,44658,315.997310514095,0,0,0,1,8,4,0,0,0,1.955620986021881,504.4788044361505,-1,-1,0,0,0,-1,1,1,1,0
961,6685,195.2253698589684,0,0,0,10,55,0,0,0,0,0.3628346366703917,98.42063544372348,-1,-1,0,0,0,-1,0,0,0,0
962,13046,268.4318688439965,0,0,0,3,16,6,0,0,0,-1,-1,-1,-1,0,0,0,-1,1,0,0,0
963,43155,338.2795029999673,0,0,0,1,4,0,0,0,0,3.197810082448169,748.047730212682,3.197810082448169,-1,0,0,0,-1,1,1,1,0
964,11716,281.3545960745902,0,0,0,3,29,5,0,0,0,-1,-1,-1,-1,0,0,0,-1,1,0,0,0
965,13415,295.7195416499195,0,0,0,3,28,3,0,0,0,-1,-1,-1,-1,0,0,0,-1,1,0,0,0
966,22348,248.9952663734841,0,0,0,0,0,0,1,0,0,2.88797756595007,693.1533288624225,-1,-1,0,0,0,-1,0,0,0,0
967,14583,257.4168933993524,0,0,0,3,16,5,0,0,0,-1,-1,-1,-1,0,0,0,-1,1,0,0,0
968,6178,264.7570097235271,0,0,0,8,39,0,0,0,0,0.071059905141516,19.39959327657107,-1,-1,0,0,0,-1,0,0,0,0
969,6604,261.0712283163066,0,0,0,8,30,0,0,0,0,0.1695821428936132,46.22942040133228,-1,-1,0,0,0,-1,0,0,0,0
970,3401,302.8675678904102,0,0,0,4,31,0,0,0,0,0.3242330048304403,88.14748690690713,-1,-1,0,0,0,-1,0,0,0,0
971,63605,323.814907812155,0,0,0,3,7,0,0,0,0,0.1332600470296534,36.2574041654259,-1,-1,0,0,0,-1,0,0,0,0
972,59390,323.8130841295944,0,0,0,3,6,0,0,0,0,0.04756257955958594,12.98919858416268,-1,-1,0,0,0,-1,0,0,0,0
973,7027,254.2523092567791,0,0,0,6,35,2,0,0,0,0.5420523392122815,146.7178654807371,-1,-1,0,0,0,-1,0,0,0,0
974,12216,267.8536240775357,0,0,0,5,32,0,0,0,0,1.19761779241112,319.2535871002306,-1,-1,0,0,0,-1,0,0,0,0
975,44493,322.5699029842887,0,0,0,2,16,5,0,0,0,-1,-1,-1,-1,0,0,0,-1,1,1,1,0
976,59214,326.1705590521432,0,0,0,2,6,0,0,0,0,1.559535036543293,411.1656763477627,-1,-1,0,0,0,-1,0,0,0,0
977,10136,217.0328953303429,0,0,0,7,34,0,0,0,0,0.9522631658325678,254.9708277164641,-1,-1,0,0,0,-1,0,0,0,0
978,14459,269.6468335383429,0,0,0,7,41,0,0,0,0,1.295237685286592,343.9539469801338,-1,-1,0,0,0,-1,0,0,0,0
979,14424,295.7944672025923,0,0,0,3,29,4,0,0,0,-1,-1,-1,-1,0,0,0,-1,1,0,0,0
980,11771,289.0207341551441,0,0,0,4,25,0,0,0,0,1.32642816119961,351.365101852808,-1,-1,0,0,0,-1,0,0,0,0
981,14099,288.612825429304,0,0,0,4,32,1,0,0,0,-1,-1,-1,-1,0,0,0,-1,1,0,0,0
982,16116,273.1685408480566,0,0,0,4,23,4,0,0,0,-1,-1,-1,-1,0,0,0,-1,1,0,0,0
983,49025,287.6961397864422,0,0,0,6,22,0,0,0,0,0.163318312226004,44.52687785837139,-1,-1,0,0,0,-1,0,0,0,0
984,10557,257.3412799237703,0,0,0,5,25,0,0,0,0,1.238203007235815,329.4922946088189,-1,-1,0,0,0,-1,0,0,0,0
985,6131,250.1226819917894,0,0,0,5,24,3,0,0,0,0.2741090603310883,74.5762395319726,-1,-1,0,0,0,-1,1,0,0,0
986,57300,331.1004198776203,0,0,0,2,10,0,0,0,0,1.225305079222059,325.4315639344005,-1,-1,0,0,0,-1,0,0,0,0
987,10970,225.4407621203472,0,0,0,7,30,0,0,0,0,1.306310330695015,347.6618006695751,-1,-1,0,0,0,-1,0,0,0,0
988,4936,241.2136072947805,0,0,0,6,36,1,0,0,0,-1,-1,-1,-1,0,0,0,-1,0,0,0,0
989,11121,263.4449458279319,0,0,0,5,33,0,0,0,0,1.147061521973419,305.9802399231571,-1,-1,0,0,0,-1,0,0,0,0
990,65745,338.3459562135656,0,0,0,1,9,0,0,0,0,0.3222635492221655,87.63317322734565,-1,-1,0,0,0,-1,0,0,0,0
991,44318,338.2795029998964,0,0,0,1,5,4,0,0,0,-1,-1,-1,-1,0,0,0,-1,1,1,1,0
992,14842,267.7095620257086,0,0,0,6,25,3,0,0,0,-1,-1,-1,-1,0,0,0,-1,1,0,0,0
993,41302,302.9388760323423,0,0,0,4,17,6,0,0,0,-1,-1,-1,-1,0,0,0,-1,1,1,1,0
994,14658,307.8311389720614,0,0,0,2,15,0,0,0,0,3.152531774565872,745.0025362243714,-1,-1,0,0,0,-1,0,0,0,0
995,6446,216.2089515719745,0,0,0,7,38,4,0,0,0,0.386529719535745,104.8712540758484,-1,-1,0,0,0,-1,1,0,0,0
996,12949,273.1726624003726,0,0,0,1,6,4,0,0,0,-1,-1,-1,-1,0,0,0,-1,1,0,0,0
997,7722,297.8207390025154,0,0,0,2,19,1,0,0,0,-1,-1,-1,-1,0,0,0,-1,0,0,0,0
998,45752,286.7908489428052,0,0,0,3,20,0,0,0,0,0.5058420785319719,137.0794904892184,-1,-1,0,0,0,-1,0,0,0,0
999,13155,262.5432931468085,0,0,0,4,30,2,0,0,0,0.1876949730990833,51.14446791325901,-1,-1,0,0,0,-1,0,0,0,0
