event	vertex	primary	pdg	kinetic_MeV	px_MeV	py_MeV	pz_MeV	x_mm	y_mm	z_mm	t_ns	event_true_MeV	rootracker_entry
0	0	0	-11	380.23547475159722	330.42067325854589	139.78256350231896	127.4779577415044	0	0	0	0	3731.4446137466794	-1
0	1	1	211	892.47385132300565	546.30031066566733	851.44209167325175	-149.12156028578093	0	0	0	0	3731.4446137466794	-1
0	2	2	22	854.83188488729047	117.0320666021254	-746.22781930732833	-400.23129375227882	0	0	0	0	3731.4446137466794	-1
0	3	3	-11	1603.9034027847858	-571.40188902754107	1318.9304569158023	712.78863787337548	0	0	0	0	3731.4446137466794	-1
1	0	0	-11	1241.6941703023774	-1038.1437094072114	630.08727541798908	-261.38302407125849	0	0	0	0	4696.0539186765363	-1
1	1	1	-211	978.51973714171015	-434.11372418924987	-312.41612158014254	971.89840649778159	0	0	0	0	4696.0539186765363	-1
1	2	2	13	551.75058120997232	-330.30131952777788	-457.87722025124134	319.80045204532729	0	0	0	0	4696.0539186765363	-1
1	3	3	-13	635.19047048802554	-263.47235675015168	428.84937474632449	-533.25776714003314	0	0	0	0	4696.0539186765363	-1
1	4	4	22	1288.8989595344508	413.51162462259316	-1137.540423551374	-443.02420811681856	0	0	0	0	4696.0539186765363	-1
2	0	0	211	1311.3961374147252	1019.8909840162036	-1003.5701941439069	-196.19494247267585	0	0	0	0	3132.6563943636797	-1
2	1	1	11	1821.2602569489545	-1628.7927048146289	-804.12849085503274	138.78740033547743	0	0	0	0	3132.6563943636797	-1
3	0	0	111	211.42680967875279	119.95133372787956	-169.60325442067435	-242.1219802420357	0	0	0	0	3512.1258854849639	-1
3	1	1	-13	1002.1131077902617	-709.52934039391687	508.16261144796749	-674.04216063051922	0	0	0	0	3512.1258854849639	-1
3	2	2	-211	731.2157641228506	376.01900932131662	583.45757737898111	506.92718251267155	0	0	0	0	3512.1258854849639	-1
3	3	3	111	719.81235069270224	-463.10551365414386	-439.43920014072876	-552.1520988655019	0	0	0	0	3512.1258854849639	-1
3	4	4	-211	847.55785320039627	219.05144598175463	-323.70282715948002	895.64207520518823	0	0	0	0	3512.1258854849639	-1
4	0	0	11	301.43159759511741	-223.13370425697866	82.742136513465042	-185.83368729622856	0	0	0	0	5642.0697339464105	-1
4	1	1	211	1391.5863035618033	-847.53747229594364	1065.8278505638075	-686.04033800574962	0	0	0	0	5642.0697339464105	-1
4	2	2	13	1580.3822201822304	-221.3011058238433	-1667.3159893311938	51.501433123950086	0	0	0	0	5642.0697339464105	-1
4	3	3	-211	1889.3654212624317	218.48063612408689	876.63757946436579	1811.317835868713	0	0	0	0	5642.0697339464105	-1
4	4	4	13	479.30419134482804	148.67457465334391	555.23656593549754	25.014698914050559	0	0	0	0	5642.0697339464105	-1
5	0	0	13	1497.7550735238224	471.42466998264928	-1150.3011959846747	-1007.1429507587828	0	0	0	0	6794.9381225191464	-1
5	1	1	-11	973.4233706633604	705.78476049525739	363.67200167825848	-564.05535381233096	0	0	0	0	6794.9381225191464	-1
5	2	2	111	1211.2232136394507	-391.97708885639844	1078.0176926330232	691.56855905771818	0	0	0	0	6794.9381225191464	-1
5	3	3	13	1957.6433583540554	1830.7821065709818	-86.288314435094023	941.72264600686765	0	0	0	0	6794.9381225191464	-1
5	4	4	-13	1154.8931063384571	708.23951709609696	-1033.0433092127714	95.103336045062321	0	0	0	0	6794.9381225191464	-1
6	0	0	-13	1543.831048798799	164.94420314495432	1560.7253054926973	496.56982072336865	0	0	0	0	4169.3418526519363	-1
6	1	1	111	744.87539301858737	344.13255433402651	798.10880998496623	22.714742858759969	0	0	0	0	4169.3418526519363	-1
6	2	2	11	1541.990856483033	-1339.2404180179594	383.33763837835875	-662.41910488802148	0	0	0	0	4169.3418526519363	-1
6	3	3	211	338.64455435151712	177.26706957338999	-420.89948887739229	25.088824805955159	0	0	0	0	4169.3418526519363	-1
7	0	0	13	1985.5255991103465	-1479.3314487412333	-1431.7902038026361	351.34311510202116	0	0	0	0	1985.5255991103465	-1
8	0	0	11	553.78456669774312	-62.624846686674225	364.97605317245922	-412.44869028843652	0	0	0	0	777.32749255801696	-1
8	1	1	22	223.5429258602739	-13.684661761764648	-75.433385837511068	-209.98565197586046	0	0	0	0	777.32749255801696	-1
9	0	0	-13	1941.3567502245662	1503.9549455368817	-1295.5505104503104	-488.64671672702758	0	0	0	0	6332.7657629215682	-1
9	1	1	11	1063.4604221304928	-868.50353709399133	-323.89054567308563	-522.33269488885776	0	0	0	0	6332.7657629215682	-1
9	2	2	-11	1758.1512819527104	-1201.6811311762492	1243.3991914539022	-320.64570272513913	0	0	0	0	6332.7657629215682	-1
9	3	3	111	1569.797308613799	77.028890877237487	-0.79801205117953022	-1697.6752663833558	0	0	0	0	6332.7657629215682	-1
