event	vertex	primary	pdg	kinetic_MeV	px_MeV	py_MeV	pz_MeV	x_mm	y_mm	z_mm	t_ns	event_true_MeV	rootracker_entry	spin_x	spin_y	spin_z
0	0	0	13	283.13937986699545	100	200	300	0	0	0	0	536.65357688080155	0	-0.2672612419124244	-0.53452248382484879	-0.80178372573727319
0	0	1	2212	253.5141970138061	-99.999999999999972	-199.99999999999994	699.99999999999989	0	0	0	0	536.65357688080155	0	0	0	0
1	0	0	-13	283.13937986699545	100	200	300	0	0	0	0	536.65357688080155	1	0.2672612419124244	0.53452248382484879	0.80178372573727319
1	0	1	2212	253.5141970138061	-99.999999999999972	-199.99999999999994	699.99999999999989	0	0	0	0	536.65357688080155	1	0	0	0
2	0	0	13	283.13937986699545	100	200	300	0	0	0	0	536.65357688080155	2	-0.2672612419124244	-0.53452248382484879	-0.80178372573727319
2	0	1	2212	253.5141970138061	-99.999999999999972	-199.99999999999994	699.99999999999989	0	0	0	0	536.65357688080155	2	0	0	0
3	0	0	-13	283.13937986699545	100	200	300	0	0	0	0	536.65357688080155	3	0.2672612419124244	0.53452248382484879	0.80178372573727319
3	0	1	2212	253.5141970138061	-99.999999999999972	-199.99999999999994	699.99999999999989	0	0	0	0	536.65357688080155	3	0	0	0
4	0	0	13	283.13937986699545	100	200	300	0	0	0	0	536.65357688080155	4	-0.2672612419124244	-0.53452248382484879	-0.80178372573727319
4	0	1	2212	253.5141970138061	-99.999999999999972	-199.99999999999994	699.99999999999989	0	0	0	0	536.65357688080155	4	0	0	0
5	0	0	-13	283.13937986699545	100	200	300	0	0	0	0	536.65357688080155	5	0.2672612419124244	0.53452248382484879	0.80178372573727319
5	0	1	2212	253.5141970138061	-99.999999999999972	-199.99999999999994	699.99999999999989	0	0	0	0	536.65357688080155	5	0	0	0
6	0	0	13	283.13937986699545	100	200	300	0	0	0	0	536.65357688080155	6	-0.2672612419124244	-0.53452248382484879	-0.80178372573727319
6	0	1	2212	253.5141970138061	-99.999999999999972	-199.99999999999994	699.99999999999989	0	0	0	0	536.65357688080155	6	0	0	0
7	0	0	-13	283.13937986699545	100	200	300	0	0	0	0	536.65357688080155	7	0.2672612419124244	0.53452248382484879	0.80178372573727319
7	0	1	2212	253.5141970138061	-99.999999999999972	-199.99999999999994	699.99999999999989	0	0	0	0	536.65357688080155	7	0	0	0
8	0	0	13	283.13937986699545	100	200	300	0	0	0	0	536.65357688080155	8	-0.2672612419124244	-0.53452248382484879	-0.80178372573727319
8	0	1	2212	253.5141970138061	-99.999999999999972	-199.99999999999994	699.99999999999989	0	0	0	0	536.65357688080155	8	0	0	0
9	0	0	-13	283.13937986699545	100	200	300	0	0	0	0	536.65357688080155	9	0.2672612419124244	0.53452248382484879	0.80178372573727319
9	0	1	2212	253.5141970138061	-99.999999999999972	-199.99999999999994	699.99999999999989	0	0	0	0	536.65357688080155	9	0	0	0
10	0	0	13	283.13937986699545	100	200	300	0	0	0	0	536.65357688080155	10	-0.2672612419124244	-0.53452248382484879	-0.80178372573727319
10	0	1	2212	253.5141970138061	-99.999999999999972	-199.99999999999994	699.99999999999989	0	0	0	0	536.65357688080155	10	0	0	0
11	0	0	-13	283.13937986699545	100	200	300	0	0	0	0	536.65357688080155	11	0.2672612419124244	0.53452248382484879	0.80178372573727319
11	0	1	2212	253.5141970138061	-99.999999999999972	-199.99999999999994	699.99999999999989	0	0	0	0	536.65357688080155	11	0	0	0
12	0	0	13	283.13937986699545	100	200	300	0	0	0	0	536.65357688080155	12	-0.2672612419124244	-0.53452248382484879	-0.80178372573727319
12	0	1	2212	253.5141970138061	-99.999999999999972	-199.99999999999994	699.99999999999989	0	0	0	0	536.65357688080155	12	0	0	0
13	0	0	-13	283.13937986699545	100	200	300	0	0	0	0	536.65357688080155	13	0.2672612419124244	0.53452248382484879	0.80178372573727319
13	0	1	2212	253.5141970138061	-99.999999999999972	-199.99999999999994	699.99999999999989	0	0	0	0	536.65357688080155	13	0	0	0
14	0	0	13	283.13937986699545	100	200	300	0	0	0	0	536.65357688080155	14	-0.2672612419124244	-0.53452248382484879	-0.80178372573727319
14	0	1	2212	253.5141970138061	-99.999999999999972	-199.99999999999994	699.99999999999989	0	0	0	0	536.65357688080155	14	0	0	0
15	0	0	-13	283.13937986699545	100	200	300	0	0	0	0	536.65357688080155	15	0.2672612419124244	0.53452248382484879	0.80178372573727319
15	0	1	2212	253.5141970138061	-99.999999999999972	-199.99999999999994	699.99999999999989	0	0	0	0	536.65357688080155	15	0	0	0
16	0	0	13	283.13937986699545	100	200	300	0	0	0	0	536.65357688080155	16	-0.2672612419124244	-0.53452248382484879	-0.80178372573727319
16	0	1	2212	253.5141970138061	-99.999999999999972	-199.99999999999994	699.99999999999989	0	0	0	0	536.65357688080155	16	0	0	0
17	0	0	-13	283.13937986699545	100	200	300	0	0	0	0	536.65357688080155	17	0.2672612419124244	0.53452248382484879	0.80178372573727319
17	0	1	2212	253.5141970138061	-99.999999999999972	-199.99999999999994	699.99999999999989	0	0	0	0	536.65357688080155	17	0	0	0
18	0	0	13	283.13937986699545	100	200	300	0	0	0	0	536.65357688080155	18	-0.2672612419124244	-0.53452248382484879	-0.80178372573727319
18	0	1	2212	253.5141970138061	-99.999999999999972	-199.99999999999994	699.99999999999989	0	0	0	0	536.65357688080155	18	0	0	0
19	0	0	-13	283.13937986699545	100	200	300	0	0	0	0	536.65357688080155	19	0.2672612419124244	0.53452248382484879	0.80178372573727319
19	0	1	2212	253.5141970138061	-99.999999999999972	-199.99999999999994	699.99999999999989	0	0	0	0	536.65357688080155	19	0	0	0
20	0	0	13	283.13937986699545	100	200	300	0	0	0	0	536.65357688080155	20	-0.2672612419124244	-0.53452248382484879	-0.80178372573727319
20	0	1	2212	253.5141970138061	-99.999999999999972	-199.99999999999994	699.99999999999989	0	0	0	0	536.65357688080155	20	0	0	0
21	0	0	-13	283.13937986699545	100	200	300	0	0	0	0	536.65357688080155	21	0.2672612419124244	0.53452248382484879	0.80178372573727319
21	0	1	2212	253.5141970138061	-99.999999999999972	-199.99999999999994	699.99999999999989	0	0	0	0	536.65357688080155	21	0	0	0
22	0	0	13	283.13937986699545	100	200	300	0	0	0	0	536.65357688080155	22	-0.2672612419124244	-0.53452248382484879	-0.80178372573727319
22	0	1	2212	253.5141970138061	-99.999999999999972	-199.99999999999994	699.99999999999989	0	0	0	0	536.65357688080155	22	0	0	0
23	0	0	-13	283.13937986699545	100	200	300	0	0	0	0	536.65357688080155	23	0.2672612419124244	0.53452248382484879	0.80178372573727319
23	0	1	2212	253.5141970138061	-99.999999999999972	-199.99999999999994	699.99999999999989	0	0	0	0	536.65357688080155	23	0	0	0
24	0	0	13	283.13937986699545	100	200	300	0	0	0	0	536.65357688080155	24	-0.2672612419124244	-0.53452248382484879	-0.80178372573727319
24	0	1	2212	253.5141970138061	-99.999999999999972	-199.99999999999994	699.99999999999989	0	0	0	0	536.65357688080155	24	0	0	0
25	0	0	-13	283.13937986699545	100	200	300	0	0	0	0	536.65357688080155	25	0.2672612419124244	0.53452248382484879	0.80178372573727319
25	0	1	2212	253.5141970138061	-99.999999999999972	-199.99999999999994	699.99999999999989	0	0	0	0	536.65357688080155	25	0	0	0
26	0	0	13	283.13937986699545	100	200	300	0	0	0	0	536.65357688080155	26	-0.2672612419124244	-0.53452248382484879	-0.80178372573727319
26	0	1	2212	253.5141970138061	-99.999999999999972	-199.99999999999994	699.99999999999989	0	0	0	0	536.65357688080155	26	0	0	0
27	0	0	-13	283.13937986699545	100	200	300	0	0	0	0	536.65357688080155	27	0.2672612419124244	0.53452248382484879	0.80178372573727319
27	0	1	2212	253.5141970138061	-99.999999999999972	-199.99999999999994	699.99999999999989	0	0	0	0	536.65357688080155	27	0	0	0
28	0	0	13	283.13937986699545	100	200	300	0	0	0	0	536.65357688080155	28	-0.2672612419124244	-0.53452248382484879	-0.80178372573727319
28	0	1	2212	253.5141970138061	-99.999999999999972	-199.99999999999994	699.99999999999989	0	0	0	0	536.65357688080155	28	0	0	0
29	0	0	-13	283.13937986699545	100	200	300	0	0	0	0	536.65357688080155	29	0.2672612419124244	0.53452248382484879	0.80178372573727319
29	0	1	2212	253.5141970138061	-99.999999999999972	-199.99999999999994	699.99999999999989	0	0	0	0	536.65357688080155	29	0	0	0
30	0	0	13	283.13937986699545	100	200	300	0	0	0	0	536.65357688080155	30	-0.2672612419124244	-0.53452248382484879	-0.80178372573727319
30	0	1	2212	253.5141970138061	-99.999999999999972	-199.99999999999994	699.99999999999989	0	0	0	0	536.65357688080155	30	0	0	0
31	0	0	-13	283.13937986699545	100	200	300	0	0	0	0	536.65357688080155	31	0.2672612419124244	0.53452248382484879	0.80178372573727319
31	0	1	2212	253.5141970138061	-99.999999999999972	-199.99999999999994	699.99999999999989	0	0	0	0	536.65357688080155	31	0	0	0
32	0	0	13	283.13937986699545	100	200	300	0	0	0	0	536.65357688080155	32	-0.2672612419124244	-0.53452248382484879	-0.80178372573727319
32	0	1	2212	253.5141970138061	-99.999999999999972	-199.99999999999994	699.99999999999989	0	0	0	0	536.65357688080155	32	0	0	0
33	0	0	-13	283.13937986699545	100	200	300	0	0	0	0	536.65357688080155	33	0.2672612419124244	0.53452248382484879	0.80178372573727319
33	0	1	2212	253.5141970138061	-99.999999999999972	-199.99999999999994	699.99999999999989	0	0	0	0	536.65357688080155	33	0	0	0
34	0	0	13	283.13937986699545	100	200	300	0	0	0	0	536.65357688080155	34	-0.2672612419124244	-0.53452248382484879	-0.80178372573727319
34	0	1	2212	253.5141970138061	-99.999999999999972	-199.99999999999994	699.99999999999989	0	0	0	0	536.65357688080155	34	0	0	0
35	0	0	-13	283.13937986699545	100	200	300	0	0	0	0	536.65357688080155	35	0.2672612419124244	0.53452248382484879	0.80178372573727319
35	0	1	2212	253.5141970138061	-99.999999999999972	-199.99999999999994	699.99999999999989	0	0	0	0	536.65357688080155	35	0	0	0
36	0	0	13	283.13937986699545	100	200	300	0	0	0	0	536.65357688080155	36	-0.2672612419124244	-0.53452248382484879	-0.80178372573727319
36	0	1	2212	253.5141970138061	-99.999999999999972	-199.99999999999994	699.99999999999989	0	0	0	0	536.65357688080155	36	0	0	0
37	0	0	-13	283.13937986699545	100	200	300	0	0	0	0	536.65357688080155	37	0.2672612419124244	0.53452248382484879	0.80178372573727319
37	0	1	2212	253.5141970138061	-99.999999999999972	-199.99999999999994	699.99999999999989	0	0	0	0	536.65357688080155	37	0	0	0
38	0	0	13	283.13937986699545	100	200	300	0	0	0	0	536.65357688080155	38	-0.2672612419124244	-0.53452248382484879	-0.80178372573727319
38	0	1	2212	253.5141970138061	-99.999999999999972	-199.99999999999994	699.99999999999989	0	0	0	0	536.65357688080155	38	0	0	0
39	0	0	-13	283.13937986699545	100	200	300	0	0	0	0	536.65357688080155	39	0.2672612419124244	0.53452248382484879	0.80178372573727319
39	0	1	2212	253.5141970138061	-99.999999999999972	-199.99999999999994	699.99999999999989	0	0	0	0	536.65357688080155	39	0	0	0
40	0	0	13	283.13937986699545	100	200	300	0	0	0	0	536.65357688080155	40	-0.2672612419124244	-0.53452248382484879	-0.80178372573727319
40	0	1	2212	253.5141970138061	-99.999999999999972	-199.99999999999994	699.99999999999989	0	0	0	0	536.65357688080155	40	0	0	0
41	0	0	-13	283.13937986699545	100	200	300	0	0	0	0	536.65357688080155	41	0.2672612419124244	0.53452248382484879	0.80178372573727319
41	0	1	2212	253.5141970138061	-99.999999999999972	-199.99999999999994	699.99999999999989	0	0	0	0	536.65357688080155	41	0	0	0
42	0	0	13	283.13937986699545	100	200	300	0	0	0	0	536.65357688080155	42	-0.2672612419124244	-0.53452248382484879	-0.80178372573727319
42	0	1	2212	253.5141970138061	-99.999999999999972	-199.99999999999994	699.99999999999989	0	0	0	0	536.65357688080155	42	0	0	0
43	0	0	-13	283.13937986699545	100	200	300	0	0	0	0	536.65357688080155	43	0.2672612419124244	0.53452248382484879	0.80178372573727319
43	0	1	2212	253.5141970138061	-99.999999999999972	-199.99999999999994	699.99999999999989	0	0	0	0	536.65357688080155	43	0	0	0
44	0	0	13	283.13937986699545	100	200	300	0	0	0	0	536.65357688080155	44	-0.2672612419124244	-0.53452248382484879	-0.80178372573727319
44	0	1	2212	253.5141970138061	-99.999999999999972	-199.99999999999994	699.99999999999989	0	0	0	0	536.65357688080155	44	0	0	0
45	0	0	-13	283.13937986699545	100	200	300	0	0	0	0	536.65357688080155	45	0.2672612419124244	0.53452248382484879	0.80178372573727319
45	0	1	2212	253.5141970138061	-99.999999999999972	-199.99999999999994	699.99999999999989	0	0	0	0	536.65357688080155	45	0	0	0
46	0	0	13	283.13937986699545	100	200	300	0	0	0	0	536.65357688080155	46	-0.2672612419124244	-0.53452248382484879	-0.80178372573727319
46	0	1	2212	253.5141970138061	-99.999999999999972	-199.99999999999994	699.99999999999989	0	0	0	0	536.65357688080155	46	0	0	0
47	0	0	-13	283.13937986699545	100	200	300	0	0	0	0	536.65357688080155	47	0.2672612419124244	0.53452248382484879	0.80178372573727319
47	0	1	2212	253.5141970138061	-99.999999999999972	-199.99999999999994	699.99999999999989	0	0	0	0	536.65357688080155	47	0	0	0
48	0	0	13	283.13937986699545	100	200	300	0	0	0	0	536.65357688080155	48	-0.2672612419124244	-0.53452248382484879	-0.80178372573727319
48	0	1	2212	253.5141970138061	-99.999999999999972	-199.99999999999994	699.99999999999989	0	0	0	0	536.65357688080155	48	0	0	0
49	0	0	-13	283.13937986699545	100	200	300	0	0	0	0	536.65357688080155	49	0.2672612419124244	0.53452248382484879	0.80178372573727319
49	0	1	2212	253.5141970138061	-99.999999999999972	-199.99999999999994	699.99999999999989	0	0	0	0	536.65357688080155	49	0	0	0
50	0	0	13	283.13937986699545	100	200	300	0	0	0	0	536.65357688080155	50	-0.2672612419124244	-0.53452248382484879	-0.80178372573727319
50	0	1	2212	253.5141970138061	-99.999999999999972	-199.99999999999994	699.99999999999989	0	0	0	0	536.65357688080155	50	0	0	0
51	0	0	-13	283.13937986699545	100	200	300	0	0	0	0	536.65357688080155	51	0.2672612419124244	0.53452248382484879	0.80178372573727319
51	0	1	2212	253.5141970138061	-99.999999999999972	-199.99999999999994	699.99999999999989	0	0	0	0	536.65357688080155	51	0	0	0
52	0	0	13	283.13937986699545	100	200	300	0	0	0	0	536.65357688080155	52	-0.2672612419124244	-0.53452248382484879	-0.80178372573727319
52	0	1	2212	253.5141970138061	-99.999999999999972	-199.99999999999994	699.99999999999989	0	0	0	0	536.65357688080155	52	0	0	0
53	0	0	-13	283.13937986699545	100	200	300	0	0	0	0	536.65357688080155	53	0.2672612419124244	0.53452248382484879	0.80178372573727319
53	0	1	2212	253.5141970138061	-99.999999999999972	-199.99999999999994	699.99999999999989	0	0	0	0	536.65357688080155	53	0	0	0
54	0	0	13	283.13937986699545	100	200	300	0	0	0	0	536.65357688080155	54	-0.2672612419124244	-0.53452248382484879	-0.80178372573727319
54	0	1	2212	253.5141970138061	-99.999999999999972	-199.99999999999994	699.99999999999989	0	0	0	0	536.65357688080155	54	0	0	0
55	0	0	-13	283.13937986699545	100	200	300	0	0	0	0	536.65357688080155	55	0.2672612419124244	0.53452248382484879	0.80178372573727319
55	0	1	2212	253.5141970138061	-99.999999999999972	-199.99999999999994	699.99999999999989	0	0	0	0	536.65357688080155	55	0	0	0
56	0	0	13	283.13937986699545	100	200	300	0	0	0	0	536.65357688080155	56	-0.2672612419124244	-0.53452248382484879	-0.80178372573727319
56	0	1	2212	253.5141970138061	-99.999999999999972	-199.99999999999994	699.99999999999989	0	0	0	0	536.65357688080155	56	0	0	0
57	0	0	-13	283.13937986699545	100	200	300	0	0	0	0	536.65357688080155	57	0.2672612419124244	0.53452248382484879	0.80178372573727319
57	0	1	2212	253.5141970138061	-99.999999999999972	-199.99999999999994	699.99999999999989	0	0	0	0	536.65357688080155	57	0	0	0
58	0	0	13	283.13937986699545	100	200	300	0	0	0	0	536.65357688080155	58	-0.2672612419124244	-0.53452248382484879	-0.80178372573727319
58	0	1	2212	253.5141970138061	-99.999999999999972	-199.99999999999994	699.99999999999989	0	0	0	0	536.65357688080155	58	0	0	0
59	0	0	-13	283.13937986699545	100	200	300	0	0	0	0	536.65357688080155	59	0.2672612419124244	0.53452248382484879	0.80178372573727319
59	0	1	2212	253.5141970138061	-99.999999999999972	-199.99999999999994	699.99999999999989	0	0	0	0	536.65357688080155	59	0	0	0
60	0	0	13	283.13937986699545	100	200	300	0	0	0	0	536.65357688080155	60	-0.2672612419124244	-0.53452248382484879	-0.80178372573727319
60	0	1	2212	253.5141970138061	-99.999999999999972	-199.99999999999994	699.99999999999989	0	0	0	0	536.65357688080155	60	0	0	0
61	0	0	-13	283.13937986699545	100	200	300	0	0	0	0	536.65357688080155	61	0.2672612419124244	0.53452248382484879	0.80178372573727319
61	0	1	2212	253.5141970138061	-99.999999999999972	-199.99999999999994	699.99999999999989	0	0	0	0	536.65357688080155	61	0	0	0
62	0	0	13	283.13937986699545	100	200	300	0	0	0	0	536.65357688080155	62	-0.2672612419124244	-0.53452248382484879	-0.80178372573727319
62	0	1	2212	253.5141970138061	-99.999999999999972	-199.99999999999994	699.99999999999989	0	0	0	0	536.65357688080155	62	0	0	0
63	0	0	-13	283.13937986699545	100	200	300	0	0	0	0	536.65357688080155	63	0.2672612419124244	0.53452248382484879	0.80178372573727319
63	0	1	2212	253.5141970138061	-99.999999999999972	-199.99999999999994	699.99999999999989	0	0	0	0	536.65357688080155	63	0	0	0
64	0	0	13	283.13937986699545	100	200	300	0	0	0	0	536.65357688080155	64	-0.2672612419124244	-0.53452248382484879	-0.80178372573727319
64	0	1	2212	253.5141970138061	-99.999999999999972	-199.99999999999994	699.99999999999989	0	0	0	0	536.65357688080155	64	0	0	0
65	0	0	-13	283.13937986699545	100	200	300	0	0	0	0	536.65357688080155	65	0.2672612419124244	0.53452248382484879	0.80178372573727319
65	0	1	2212	253.5141970138061	-99.999999999999972	-199.99999999999994	699.99999999999989	0	0	0	0	536.65357688080155	65	0	0	0
66	0	0	13	283.13937986699545	100	200	300	0	0	0	0	536.65357688080155	66	-0.2672612419124244	-0.53452248382484879	-0.80178372573727319
66	0	1	2212	253.5141970138061	-99.999999999999972	-199.99999999999994	699.99999999999989	0	0	0	0	536.65357688080155	66	0	0	0
67	0	0	-13	283.13937986699545	100	200	300	0	0	0	0	536.65357688080155	67	0.2672612419124244	0.53452248382484879	0.80178372573727319
67	0	1	2212	253.5141970138061	-99.999999999999972	-199.99999999999994	699.99999999999989	0	0	0	0	536.65357688080155	67	0	0	0
68	0	0	13	283.13937986699545	100	200	300	0	0	0	0	536.65357688080155	68	-0.2672612419124244	-0.53452248382484879	-0.80178372573727319
68	0	1	2212	253.5141970138061	-99.999999999999972	-199.99999999999994	699.99999999999989	0	0	0	0	536.65357688080155	68	0	0	0
69	0	0	-13	283.13937986699545	100	200	300	0	0	0	0	536.65357688080155	69	0.2672612419124244	0.53452248382484879	0.80178372573727319
69	0	1	2212	253.5141970138061	-99.999999999999972	-199.99999999999994	699.99999999999989	0	0	0	0	536.65357688080155	69	0	0	0
70	0	0	13	283.13937986699545	100	200	300	0	0	0	0	536.65357688080155	70	-0.2672612419124244	-0.53452248382484879	-0.80178372573727319
70	0	1	2212	253.5141970138061	-99.999999999999972	-199.99999999999994	699.99999999999989	0	0	0	0	536.65357688080155	70	0	0	0
71	0	0	-13	283.13937986699545	100	200	300	0	0	0	0	536.65357688080155	71	0.2672612419124244	0.53452248382484879	0.80178372573727319
71	0	1	2212	253.5141970138061	-99.999999999999972	-199.99999999999994	699.99999999999989	0	0	0	0	536.65357688080155	71	0	0	0
72	0	0	13	283.13937986699545	100	200	300	0	0	0	0	536.65357688080155	72	-0.2672612419124244	-0.53452248382484879	-0.80178372573727319
72	0	1	2212	253.5141970138061	-99.999999999999972	-199.99999999999994	699.99999999999989	0	0	0	0	536.65357688080155	72	0	0	0
73	0	0	-13	283.13937986699545	100	200	300	0	0	0	0	536.65357688080155	73	0.2672612419124244	0.53452248382484879	0.80178372573727319
73	0	1	2212	253.5141970138061	-99.999999999999972	-199.99999999999994	699.99999999999989	0	0	0	0	536.65357688080155	73	0	0	0
74	0	0	13	283.13937986699545	100	200	300	0	0	0	0	536.65357688080155	74	-0.2672612419124244	-0.53452248382484879	-0.80178372573727319
74	0	1	2212	253.5141970138061	-99.999999999999972	-199.99999999999994	699.99999999999989	0	0	0	0	536.65357688080155	74	0	0	0
75	0	0	-13	283.13937986699545	100	200	300	0	0	0	0	536.65357688080155	75	0.2672612419124244	0.53452248382484879	0.80178372573727319
75	0	1	2212	253.5141970138061	-99.999999999999972	-199.99999999999994	699.99999999999989	0	0	0	0	536.65357688080155	75	0	0	0
76	0	0	13	283.13937986699545	100	200	300	0	0	0	0	536.65357688080155	76	-0.2672612419124244	-0.53452248382484879	-0.80178372573727319
76	0	1	2212	253.5141970138061	-99.999999999999972	-199.99999999999994	699.99999999999989	0	0	0	0	536.65357688080155	76	0	0	0
77	0	0	-13	283.13937986699545	100	200	300	0	0	0	0	536.65357688080155	77	0.2672612419124244	0.53452248382484879	0.80178372573727319
77	0	1	2212	253.5141970138061	-99.999999999999972	-199.99999999999994	699.99999999999989	0	0	0	0	536.65357688080155	77	0	0	0
78	0	0	13	283.13937986699545	100	200	300	0	0	0	0	536.65357688080155	78	-0.2672612419124244	-0.53452248382484879	-0.80178372573727319
78	0	1	2212	253.5141970138061	-99.999999999999972	-199.99999999999994	699.99999999999989	0	0	0	0	536.65357688080155	78	0	0	0
79	0	0	-13	283.13937986699545	100	200	300	0	0	0	0	536.65357688080155	79	0.2672612419124244	0.53452248382484879	0.80178372573727319
79	0	1	2212	253.5141970138061	-99.999999999999972	-199.99999999999994	699.99999999999989	0	0	0	0	536.65357688080155	79	0	0	0
80	0	0	13	283.13937986699545	100	200	300	0	0	0	0	536.65357688080155	80	-0.2672612419124244	-0.53452248382484879	-0.80178372573727319
80	0	1	2212	253.5141970138061	-99.999999999999972	-199.99999999999994	699.99999999999989	0	0	0	0	536.65357688080155	80	0	0	0
81	0	0	-13	283.13937986699545	100	200	300	0	0	0	0	536.65357688080155	81	0.2672612419124244	0.53452248382484879	0.80178372573727319
81	0	1	2212	253.5141970138061	-99.999999999999972	-199.99999999999994	699.99999999999989	0	0	0	0	536.65357688080155	81	0	0	0
82	0	0	13	283.13937986699545	100	200	300	0	0	0	0	536.65357688080155	82	-0.2672612419124244	-0.53452248382484879	-0.80178372573727319
82	0	1	2212	253.5141970138061	-99.999999999999972	-199.99999999999994	699.99999999999989	0	0	0	0	536.65357688080155	82	0	0	0
83	0	0	-13	283.13937986699545	100	200	300	0	0	0	0	536.65357688080155	83	0.2672612419124244	0.53452248382484879	0.80178372573727319
83	0	1	2212	253.5141970138061	-99.999999999999972	-199.99999999999994	699.99999999999989	0	0	0	0	536.65357688080155	83	0	0	0
84	0	0	13	283.13937986699545	100	200	300	0	0	0	0	536.65357688080155	84	-0.2672612419124244	-0.53452248382484879	-0.80178372573727319
84	0	1	2212	253.5141970138061	-99.999999999999972	-199.99999999999994	699.99999999999989	0	0	0	0	536.65357688080155	84	0	0	0
85	0	0	-13	283.13937986699545	100	200	300	0	0	0	0	536.65357688080155	85	0.2672612419124244	0.53452248382484879	0.80178372573727319
85	0	1	2212	253.5141970138061	-99.999999999999972	-199.99999999999994	699.99999999999989	0	0	0	0	536.65357688080155	85	0	0	0
86	0	0	13	283.13937986699545	100	200	300	0	0	0	0	536.65357688080155	86	-0.2672612419124244	-0.53452248382484879	-0.80178372573727319
86	0	1	2212	253.5141970138061	-99.999999999999972	-199.99999999999994	699.99999999999989	0	0	0	0	536.65357688080155	86	0	0	0
87	0	0	-13	283.13937986699545	100	200	300	0	0	0	0	536.65357688080155	87	0.2672612419124244	0.53452248382484879	0.80178372573727319
87	0	1	2212	253.5141970138061	-99.999999999999972	-199.99999999999994	699.99999999999989	0	0	0	0	536.65357688080155	87	0	0	0
88	0	0	13	283.13937986699545	100	200	300	0	0	0	0	536.65357688080155	88	-0.2672612419124244	-0.53452248382484879	-0.80178372573727319
88	0	1	2212	253.5141970138061	-99.999999999999972	-199.99999999999994	699.99999999999989	0	0	0	0	536.65357688080155	88	0	0	0
89	0	0	-13	283.13937986699545	100	200	300	0	0	0	0	536.65357688080155	89	0.2672612419124244	0.53452248382484879	0.80178372573727319
89	0	1	2212	253.5141970138061	-99.999999999999972	-199.99999999999994	699.99999999999989	0	0	0	0	536.65357688080155	89	0	0	0
90	0	0	13	283.13937986699545	100	200	300	0	0	0	0	536.65357688080155	90	-0.2672612419124244	-0.53452248382484879	-0.80178372573727319
90	0	1	2212	253.5141970138061	-99.999999999999972	-199.99999999999994	699.99999999999989	0	0	0	0	536.65357688080155	90	0	0	0
91	0	0	-13	283.13937986699545	100	200	300	0	0	0	0	536.65357688080155	91	0.2672612419124244	0.53452248382484879	0.80178372573727319
91	0	1	2212	253.5141970138061	-99.999999999999972	-199.99999999999994	699.99999999999989	0	0	0	0	536.65357688080155	91	0	0	0
92	0	0	13	283.13937986699545	100	200	300	0	0	0	0	536.65357688080155	92	-0.2672612419124244	-0.53452248382484879	-0.80178372573727319
92	0	1	2212	253.5141970138061	-99.999999999999972	-199.99999999999994	699.99999999999989	0	0	0	0	536.65357688080155	92	0	0	0
93	0	0	-13	283.13937986699545	100	200	300	0	0	0	0	536.65357688080155	93	0.2672612419124244	0.53452248382484879	0.80178372573727319
93	0	1	2212	253.5141970138061	-99.999999999999972	-199.99999999999994	699.99999999999989	0	0	0	0	536.65357688080155	93	0	0	0
94	0	0	13	283.13937986699545	100	200	300	0	0	0	0	536.65357688080155	94	-0.2672612419124244	-0.53452248382484879	-0.80178372573727319
94	0	1	2212	253.5141970138061	-99.999999999999972	-199.99999999999994	699.99999999999989	0	0	0	0	536.65357688080155	94	0	0	0
95	0	0	-13	283.13937986699545	100	200	300	0	0	0	0	536.65357688080155	95	0.2672612419124244	0.53452248382484879	0.80178372573727319
95	0	1	2212	253.5141970138061	-99.999999999999972	-199.99999999999994	699.99999999999989	0	0	0	0	536.65357688080155	95	0	0	0
96	0	0	13	283.13937986699545	100	200	300	0	0	0	0	536.65357688080155	96	-0.2672612419124244	-0.53452248382484879	-0.80178372573727319
96	0	1	2212	253.5141970138061	-99.999999999999972	-199.99999999999994	699.99999999999989	0	0	0	0	536.65357688080155	96	0	0	0
97	0	0	-13	283.13937986699545	100	200	300	0	0	0	0	536.65357688080155	97	0.2672612419124244	0.53452248382484879	0.80178372573727319
97	0	1	2212	253.5141970138061	-99.999999999999972	-199.99999999999994	699.99999999999989	0	0	0	0	536.65357688080155	97	0	0	0
98	0	0	13	283.13937986699545	100	200	300	0	0	0	0	536.65357688080155	98	-0.2672612419124244	-0.53452248382484879	-0.80178372573727319
98	0	1	2212	253.5141970138061	-99.999999999999972	-199.99999999999994	699.99999999999989	0	0	0	0	536.65357688080155	98	0	0	0
99	0	0	-13	283.13937986699545	100	200	300	0	0	0	0	536.65357688080155	99	0.2672612419124244	0.53452248382484879	0.80178372573727319
99	0	1	2212	253.5141970138061	-99.999999999999972	-199.99999999999994	699.99999999999989	0	0	0	0	536.65357688080155	99	0	0	0
100	0	0	13	283.13937986699545	100	200	300	0	0	0	0	536.65357688080155	100	-0.2672612419124244	-0.53452248382484879	-0.80178372573727319
100	0	1	2212	253.5141970138061	-99.999999999999972	-199.99999999999994	699.99999999999989	0	0	0	0	536.65357688080155	100	0	0	0
101	0	0	-13	283.13937986699545	100	200	300	0	0	0	0	536.65357688080155	101	0.2672612419124244	0.53452248382484879	0.80178372573727319
101	0	1	2212	253.5141970138061	-99.999999999999972	-199.99999999999994	699.99999999999989	0	0	0	0	536.65357688080155	101	0	0	0
102	0	0	13	283.13937986699545	100	200	300	0	0	0	0	536.65357688080155	102	-0.2672612419124244	-0.53452248382484879	-0.80178372573727319
102	0	1	2212	253.5141970138061	-99.999999999999972	-199.99999999999994	699.99999999999989	0	0	0	0	536.65357688080155	102	0	0	0
103	0	0	-13	283.13937986699545	100	200	300	0	0	0	0	536.65357688080155	103	0.2672612419124244	0.53452248382484879	0.80178372573727319
103	0	1	2212	253.5141970138061	-99.999999999999972	-199.99999999999994	699.99999999999989	0	0	0	0	536.65357688080155	103	0	0	0
104	0	0	13	283.13937986699545	100	200	300	0	0	0	0	536.65357688080155	104	-0.2672612419124244	-0.53452248382484879	-0.80178372573727319
104	0	1	2212	253.5141970138061	-99.999999999999972	-199.99999999999994	699.99999999999989	0	0	0	0	536.65357688080155	104	0	0	0
105	0	0	-13	283.13937986699545	100	200	300	0	0	0	0	536.65357688080155	105	0.2672612419124244	0.53452248382484879	0.80178372573727319
105	0	1	2212	253.5141970138061	-99.999999999999972	-199.99999999999994	699.99999999999989	0	0	0	0	536.65357688080155	105	0	0	0
106	0	0	13	283.13937986699545	100	200	300	0	0	0	0	536.65357688080155	106	-0.2672612419124244	-0.53452248382484879	-0.80178372573727319
106	0	1	2212	253.5141970138061	-99.999999999999972	-199.99999999999994	699.99999999999989	0	0	0	0	536.65357688080155	106	0	0	0
107	0	0	-13	283.13937986699545	100	200	300	0	0	0	0	536.65357688080155	107	0.2672612419124244	0.53452248382484879	0.80178372573727319
107	0	1	2212	253.5141970138061	-99.999999999999972	-199.99999999999994	699.99999999999989	0	0	0	0	536.65357688080155	107	0	0	0
108	0	0	13	283.13937986699545	100	200	300	0	0	0	0	536.65357688080155	108	-0.2672612419124244	-0.53452248382484879	-0.80178372573727319
108	0	1	2212	253.5141970138061	-99.999999999999972	-199.99999999999994	699.99999999999989	0	0	0	0	536.65357688080155	108	0	0	0
109	0	0	-13	283.13937986699545	100	200	300	0	0	0	0	536.65357688080155	109	0.2672612419124244	0.53452248382484879	0.80178372573727319
109	0	1	2212	253.5141970138061	-99.999999999999972	-199.99999999999994	699.99999999999989	0	0	0	0	536.65357688080155	109	0	0	0
110	0	0	13	283.13937986699545	100	200	300	0	0	0	0	536.65357688080155	110	-0.2672612419124244	-0.53452248382484879	-0.80178372573727319
110	0	1	2212	253.5141970138061	-99.999999999999972	-199.99999999999994	699.99999999999989	0	0	0	0	536.65357688080155	110	0	0	0
111	0	0	-13	283.13937986699545	100	200	300	0	0	0	0	536.65357688080155	111	0.2672612419124244	0.53452248382484879	0.80178372573727319
111	0	1	2212	253.5141970138061	-99.999999999999972	-199.99999999999994	699.99999999999989	0	0	0	0	536.65357688080155	111	0	0	0
112	0	0	13	283.13937986699545	100	200	300	0	0	0	0	536.65357688080155	112	-0.2672612419124244	-0.53452248382484879	-0.80178372573727319
112	0	1	2212	253.5141970138061	-99.999999999999972	-199.99999999999994	699.99999999999989	0	0	0	0	536.65357688080155	112	0	0	0
113	0	0	-13	283.13937986699545	100	200	300	0	0	0	0	536.65357688080155	113	0.2672612419124244	0.53452248382484879	0.80178372573727319
113	0	1	2212	253.5141970138061	-99.999999999999972	-199.99999999999994	699.99999999999989	0	0	0	0	536.65357688080155	113	0	0	0
114	0	0	13	283.13937986699545	100	200	300	0	0	0	0	536.65357688080155	114	-0.2672612419124244	-0.53452248382484879	-0.80178372573727319
114	0	1	2212	253.5141970138061	-99.999999999999972	-199.99999999999994	699.99999999999989	0	0	0	0	536.65357688080155	114	0	0	0
115	0	0	-13	283.13937986699545	100	200	300	0	0	0	0	536.65357688080155	115	0.2672612419124244	0.53452248382484879	0.80178372573727319
115	0	1	2212	253.5141970138061	-99.999999999999972	-199.99999999999994	699.99999999999989	0	0	0	0	536.65357688080155	115	0	0	0
116	0	0	13	283.13937986699545	100	200	300	0	0	0	0	536.65357688080155	116	-0.2672612419124244	-0.53452248382484879	-0.80178372573727319
116	0	1	2212	253.5141970138061	-99.999999999999972	-199.99999999999994	699.99999999999989	0	0	0	0	536.65357688080155	116	0	0	0
117	0	0	-13	283.13937986699545	100	200	300	0	0	0	0	536.65357688080155	117	0.2672612419124244	0.53452248382484879	0.80178372573727319
117	0	1	2212	253.5141970138061	-99.999999999999972	-199.99999999999994	699.99999999999989	0	0	0	0	536.65357688080155	117	0	0	0
118	0	0	13	283.13937986699545	100	200	300	0	0	0	0	536.65357688080155	118	-0.2672612419124244	-0.53452248382484879	-0.80178372573727319
118	0	1	2212	253.5141970138061	-99.999999999999972	-199.99999999999994	699.99999999999989	0	0	0	0	536.65357688080155	118	0	0	0
119	0	0	-13	283.13937986699545	100	200	300	0	0	0	0	536.65357688080155	119	0.2672612419124244	0.53452248382484879	0.80178372573727319
119	0	1	2212	253.5141970138061	-99.999999999999972	-199.99999999999994	699.99999999999989	0	0	0	0	536.65357688080155	119	0	0	0
120	0	0	13	283.13937986699545	100	200	300	0	0	0	0	536.65357688080155	120	-0.2672612419124244	-0.53452248382484879	-0.80178372573727319
120	0	1	2212	253.5141970138061	-99.999999999999972	-199.99999999999994	699.99999999999989	0	0	0	0	536.65357688080155	120	0	0	0
121	0	0	-13	283.13937986699545	100	200	300	0	0	0	0	536.65357688080155	121	0.2672612419124244	0.53452248382484879	0.80178372573727319
121	0	1	2212	253.5141970138061	-99.999999999999972	-199.99999999999994	699.99999999999989	0	0	0	0	536.65357688080155	121	0	0	0
122	0	0	13	283.13937986699545	100	200	300	0	0	0	0	536.65357688080155	122	-0.2672612419124244	-0.53452248382484879	-0.80178372573727319
122	0	1	2212	253.5141970138061	-99.999999999999972	-199.99999999999994	699.99999999999989	0	0	0	0	536.65357688080155	122	0	0	0
123	0	0	-13	283.13937986699545	100	200	300	0	0	0	0	536.65357688080155	123	0.2672612419124244	0.53452248382484879	0.80178372573727319
123	0	1	2212	253.5141970138061	-99.999999999999972	-199.99999999999994	699.99999999999989	0	0	0	0	536.65357688080155	123	0	0	0
124	0	0	13	283.13937986699545	100	200	300	0	0	0	0	536.65357688080155	124	-0.2672612419124244	-0.53452248382484879	-0.80178372573727319
124	0	1	2212	253.5141970138061	-99.999999999999972	-199.99999999999994	699.99999999999989	0	0	0	0	536.65357688080155	124	0	0	0
125	0	0	-13	283.13937986699545	100	200	300	0	0	0	0	536.65357688080155	125	0.2672612419124244	0.53452248382484879	0.80178372573727319
125	0	1	2212	253.5141970138061	-99.999999999999972	-199.99999999999994	699.99999999999989	0	0	0	0	536.65357688080155	125	0	0	0
126	0	0	13	283.13937986699545	100	200	300	0	0	0	0	536.65357688080155	126	-0.2672612419124244	-0.53452248382484879	-0.80178372573727319
126	0	1	2212	253.5141970138061	-99.999999999999972	-199.99999999999994	699.99999999999989	0	0	0	0	536.65357688080155	126	0	0	0
127	0	0	-13	283.13937986699545	100	200	300	0	0	0	0	536.65357688080155	127	0.2672612419124244	0.53452248382484879	0.80178372573727319
127	0	1	2212	253.5141970138061	-99.999999999999972	-199.99999999999994	699.99999999999989	0	0	0	0	536.65357688080155	127	0	0	0
128	0	0	13	283.13937986699545	100	200	300	0	0	0	0	536.65357688080155	128	-0.2672612419124244	-0.53452248382484879	-0.80178372573727319
128	0	1	2212	253.5141970138061	-99.999999999999972	-199.99999999999994	699.99999999999989	0	0	0	0	536.65357688080155	128	0	0	0
129	0	0	-13	283.13937986699545	100	200	300	0	0	0	0	536.65357688080155	129	0.2672612419124244	0.53452248382484879	0.80178372573727319
129	0	1	2212	253.5141970138061	-99.999999999999972	-199.99999999999994	699.99999999999989	0	0	0	0	536.65357688080155	129	0	0	0
130	0	0	13	283.13937986699545	100	200	300	0	0	0	0	536.65357688080155	130	-0.2672612419124244	-0.53452248382484879	-0.80178372573727319
130	0	1	2212	253.5141970138061	-99.999999999999972	-199.99999999999994	699.99999999999989	0	0	0	0	536.65357688080155	130	0	0	0
131	0	0	-13	283.13937986699545	100	200	300	0	0	0	0	536.65357688080155	131	0.2672612419124244	0.53452248382484879	0.80178372573727319
131	0	1	2212	253.5141970138061	-99.999999999999972	-199.99999999999994	699.99999999999989	0	0	0	0	536.65357688080155	131	0	0	0
132	0	0	13	283.13937986699545	100	200	300	0	0	0	0	536.65357688080155	132	-0.2672612419124244	-0.53452248382484879	-0.80178372573727319
132	0	1	2212	253.5141970138061	-99.999999999999972	-199.99999999999994	699.99999999999989	0	0	0	0	536.65357688080155	132	0	0	0
133	0	0	-13	283.13937986699545	100	200	300	0	0	0	0	536.65357688080155	133	0.2672612419124244	0.53452248382484879	0.80178372573727319
133	0	1	2212	253.5141970138061	-99.999999999999972	-199.99999999999994	699.99999999999989	0	0	0	0	536.65357688080155	133	0	0	0
134	0	0	13	283.13937986699545	100	200	300	0	0	0	0	536.65357688080155	134	-0.2672612419124244	-0.53452248382484879	-0.80178372573727319
134	0	1	2212	253.5141970138061	-99.999999999999972	-199.99999999999994	699.99999999999989	0	0	0	0	536.65357688080155	134	0	0	0
135	0	0	-13	283.13937986699545	100	200	300	0	0	0	0	536.65357688080155	135	0.2672612419124244	0.53452248382484879	0.80178372573727319
135	0	1	2212	253.5141970138061	-99.999999999999972	-199.99999999999994	699.99999999999989	0	0	0	0	536.65357688080155	135	0	0	0
136	0	0	13	283.13937986699545	100	200	300	0	0	0	0	536.65357688080155	136	-0.2672612419124244	-0.53452248382484879	-0.80178372573727319
136	0	1	2212	253.5141970138061	-99.999999999999972	-199.99999999999994	699.99999999999989	0	0	0	0	536.65357688080155	136	0	0	0
137	0	0	-13	283.13937986699545	100	200	300	0	0	0	0	536.65357688080155	137	0.2672612419124244	0.53452248382484879	0.80178372573727319
137	0	1	2212	253.5141970138061	-99.999999999999972	-199.99999999999994	699.99999999999989	0	0	0	0	536.65357688080155	137	0	0	0
138	0	0	13	283.13937986699545	100	200	300	0	0	0	0	536.65357688080155	138	-0.2672612419124244	-0.53452248382484879	-0.80178372573727319
138	0	1	2212	253.5141970138061	-99.999999999999972	-199.99999999999994	699.99999999999989	0	0	0	0	536.65357688080155	138	0	0	0
139	0	0	-13	283.13937986699545	100	200	300	0	0	0	0	536.65357688080155	139	0.2672612419124244	0.53452248382484879	0.80178372573727319
139	0	1	2212	253.5141970138061	-99.999999999999972	-199.99999999999994	699.99999999999989	0	0	0	0	536.65357688080155	139	0	0	0
140	0	0	13	283.13937986699545	100	200	300	0	0	0	0	536.65357688080155	140	-0.2672612419124244	-0.53452248382484879	-0.80178372573727319
140	0	1	2212	253.5141970138061	-99.999999999999972	-199.99999999999994	699.99999999999989	0	0	0	0	536.65357688080155	140	0	0	0
141	0	0	-13	283.13937986699545	100	200	300	0	0	0	0	536.65357688080155	141	0.2672612419124244	0.53452248382484879	0.80178372573727319
141	0	1	2212	253.5141970138061	-99.999999999999972	-199.99999999999994	699.99999999999989	0	0	0	0	536.65357688080155	141	0	0	0
142	0	0	13	283.13937986699545	100	200	300	0	0	0	0	536.65357688080155	142	-0.2672612419124244	-0.53452248382484879	-0.80178372573727319
142	0	1	2212	253.5141970138061	-99.999999999999972	-199.99999999999994	699.99999999999989	0	0	0	0	536.65357688080155	142	0	0	0
143	0	0	-13	283.13937986699545	100	200	300	0	0	0	0	536.65357688080155	143	0.2672612419124244	0.53452248382484879	0.80178372573727319
143	0	1	2212	253.5141970138061	-99.999999999999972	-199.99999999999994	699.99999999999989	0	0	0	0	536.65357688080155	143	0	0	0
144	0	0	13	283.13937986699545	100	200	300	0	0	0	0	536.65357688080155	144	-0.2672612419124244	-0.53452248382484879	-0.80178372573727319
144	0	1	2212	253.5141970138061	-99.999999999999972	-199.99999999999994	699.99999999999989	0	0	0	0	536.65357688080155	144	0	0	0
145	0	0	-13	283.13937986699545	100	200	300	0	0	0	0	536.65357688080155	145	0.2672612419124244	0.53452248382484879	0.80178372573727319
145	0	1	2212	253.5141970138061	-99.999999999999972	-199.99999999999994	699.99999999999989	0	0	0	0	536.65357688080155	145	0	0	0
146	0	0	13	283.13937986699545	100	200	300	0	0	0	0	536.65357688080155	146	-0.2672612419124244	-0.53452248382484879	-0.80178372573727319
146	0	1	2212	253.5141970138061	-99.999999999999972	-199.99999999999994	699.99999999999989	0	0	0	0	536.65357688080155	146	0	0	0
147	0	0	-13	283.13937986699545	100	200	300	0	0	0	0	536.65357688080155	147	0.2672612419124244	0.53452248382484879	0.80178372573727319
147	0	1	2212	253.5141970138061	-99.999999999999972	-199.99999999999994	699.99999999999989	0	0	0	0	536.65357688080155	147	0	0	0
148	0	0	13	283.13937986699545	100	200	300	0	0	0	0	536.65357688080155	148	-0.2672612419124244	-0.53452248382484879	-0.80178372573727319
148	0	1	2212	253.5141970138061	-99.999999999999972	-199.99999999999994	699.99999999999989	0	0	0	0	536.65357688080155	148	0	0	0
149	0	0	-13	283.13937986699545	100	200	300	0	0	0	0	536.65357688080155	149	0.2672612419124244	0.53452248382484879	0.80178372573727319
149	0	1	2212	253.5141970138061	-99.999999999999972	-199.99999999999994	699.99999999999989	0	0	0	0	536.65357688080155	149	0	0	0
150	0	0	13	283.13937986699545	100	200	300	0	0	0	0	536.65357688080155	150	-0.2672612419124244	-0.53452248382484879	-0.80178372573727319
150	0	1	2212	253.5141970138061	-99.999999999999972	-199.99999999999994	699.99999999999989	0	0	0	0	536.65357688080155	150	0	0	0
151	0	0	-13	283.13937986699545	100	200	300	0	0	0	0	536.65357688080155	151	0.2672612419124244	0.53452248382484879	0.80178372573727319
151	0	1	2212	253.5141970138061	-99.999999999999972	-199.99999999999994	699.99999999999989	0	0	0	0	536.65357688080155	151	0	0	0
152	0	0	13	283.13937986699545	100	200	300	0	0	0	0	536.65357688080155	152	-0.2672612419124244	-0.53452248382484879	-0.80178372573727319
152	0	1	2212	253.5141970138061	-99.999999999999972	-199.99999999999994	699.99999999999989	0	0	0	0	536.65357688080155	152	0	0	0
153	0	0	-13	283.13937986699545	100	200	300	0	0	0	0	536.65357688080155	153	0.2672612419124244	0.53452248382484879	0.80178372573727319
153	0	1	2212	253.5141970138061	-99.999999999999972	-199.99999999999994	699.99999999999989	0	0	0	0	536.65357688080155	153	0	0	0
154	0	0	13	283.13937986699545	100	200	300	0	0	0	0	536.65357688080155	154	-0.2672612419124244	-0.53452248382484879	-0.80178372573727319
154	0	1	2212	253.5141970138061	-99.999999999999972	-199.99999999999994	699.99999999999989	0	0	0	0	536.65357688080155	154	0	0	0
155	0	0	-13	283.13937986699545	100	200	300	0	0	0	0	536.65357688080155	155	0.2672612419124244	0.53452248382484879	0.80178372573727319
155	0	1	2212	253.5141970138061	-99.999999999999972	-199.99999999999994	699.99999999999989	0	0	0	0	536.65357688080155	155	0	0	0
156	0	0	13	283.13937986699545	100	200	300	0	0	0	0	536.65357688080155	156	-0.2672612419124244	-0.53452248382484879	-0.80178372573727319
156	0	1	2212	253.5141970138061	-99.999999999999972	-199.99999999999994	699.99999999999989	0	0	0	0	536.65357688080155	156	0	0	0
157	0	0	-13	283.13937986699545	100	200	300	0	0	0	0	536.65357688080155	157	0.2672612419124244	0.53452248382484879	0.80178372573727319
157	0	1	2212	253.5141970138061	-99.999999999999972	-199.99999999999994	699.99999999999989	0	0	0	0	536.65357688080155	157	0	0	0
158	0	0	13	283.13937986699545	100	200	300	0	0	0	0	536.65357688080155	158	-0.2672612419124244	-0.53452248382484879	-0.80178372573727319
158	0	1	2212	253.5141970138061	-99.999999999999972	-199.99999999999994	699.99999999999989	0	0	0	0	536.65357688080155	158	0	0	0
159	0	0	-13	283.13937986699545	100	200	300	0	0	0	0	536.65357688080155	159	0.2672612419124244	0.53452248382484879	0.80178372573727319
159	0	1	2212	253.5141970138061	-99.999999999999972	-199.99999999999994	699.99999999999989	0	0	0	0	536.65357688080155	159	0	0	0
160	0	0	13	283.13937986699545	100	200	300	0	0	0	0	536.65357688080155	160	-0.2672612419124244	-0.53452248382484879	-0.80178372573727319
160	0	1	2212	253.5141970138061	-99.999999999999972	-199.99999999999994	699.99999999999989	0	0	0	0	536.65357688080155	160	0	0	0
161	0	0	-13	283.13937986699545	100	200	300	0	0	0	0	536.65357688080155	161	0.2672612419124244	0.53452248382484879	0.80178372573727319
161	0	1	2212	253.5141970138061	-99.999999999999972	-199.99999999999994	699.99999999999989	0	0	0	0	536.65357688080155	161	0	0	0
162	0	0	13	283.13937986699545	100	200	300	0	0	0	0	536.65357688080155	162	-0.2672612419124244	-0.53452248382484879	-0.80178372573727319
162	0	1	2212	253.5141970138061	-99.999999999999972	-199.99999999999994	699.99999999999989	0	0	0	0	536.65357688080155	162	0	0	0
163	0	0	-13	283.13937986699545	100	200	300	0	0	0	0	536.65357688080155	163	0.2672612419124244	0.53452248382484879	0.80178372573727319
163	0	1	2212	253.5141970138061	-99.999999999999972	-199.99999999999994	699.99999999999989	0	0	0	0	536.65357688080155	163	0	0	0
164	0	0	13	283.13937986699545	100	200	300	0	0	0	0	536.65357688080155	164	-0.2672612419124244	-0.53452248382484879	-0.80178372573727319
164	0	1	2212	253.5141970138061	-99.999999999999972	-199.99999999999994	699.99999999999989	0	0	0	0	536.65357688080155	164	0	0	0
165	0	0	-13	283.13937986699545	100	200	300	0	0	0	0	536.65357688080155	165	0.2672612419124244	0.53452248382484879	0.80178372573727319
165	0	1	2212	253.5141970138061	-99.999999999999972	-199.99999999999994	699.99999999999989	0	0	0	0	536.65357688080155	165	0	0	0
166	0	0	13	283.13937986699545	100	200	300	0	0	0	0	536.65357688080155	166	-0.2672612419124244	-0.53452248382484879	-0.80178372573727319
166	0	1	2212	253.5141970138061	-99.999999999999972	-199.99999999999994	699.99999999999989	0	0	0	0	536.65357688080155	166	0	0	0
167	0	0	-13	283.13937986699545	100	200	300	0	0	0	0	536.65357688080155	167	0.2672612419124244	0.53452248382484879	0.80178372573727319
167	0	1	2212	253.5141970138061	-99.999999999999972	-199.99999999999994	699.99999999999989	0	0	0	0	536.65357688080155	167	0	0	0
168	0	0	13	283.13937986699545	100	200	300	0	0	0	0	536.65357688080155	168	-0.2672612419124244	-0.53452248382484879	-0.80178372573727319
168	0	1	2212	253.5141970138061	-99.999999999999972	-199.99999999999994	699.99999999999989	0	0	0	0	536.65357688080155	168	0	0	0
169	0	0	-13	283.13937986699545	100	200	300	0	0	0	0	536.65357688080155	169	0.2672612419124244	0.53452248382484879	0.80178372573727319
169	0	1	2212	253.5141970138061	-99.999999999999972	-199.99999999999994	699.99999999999989	0	0	0	0	536.65357688080155	169	0	0	0
170	0	0	13	283.13937986699545	100	200	300	0	0	0	0	536.65357688080155	170	-0.2672612419124244	-0.53452248382484879	-0.80178372573727319
170	0	1	2212	253.5141970138061	-99.999999999999972	-199.99999999999994	699.99999999999989	0	0	0	0	536.65357688080155	170	0	0	0
171	0	0	-13	283.13937986699545	100	200	300	0	0	0	0	536.65357688080155	171	0.2672612419124244	0.53452248382484879	0.80178372573727319
171	0	1	2212	253.5141970138061	-99.999999999999972	-199.99999999999994	699.99999999999989	0	0	0	0	536.65357688080155	171	0	0	0
172	0	0	13	283.13937986699545	100	200	300	0	0	0	0	536.65357688080155	172	-0.2672612419124244	-0.53452248382484879	-0.80178372573727319
172	0	1	2212	253.5141970138061	-99.999999999999972	-199.99999999999994	699.99999999999989	0	0	0	0	536.65357688080155	172	0	0	0
173	0	0	-13	283.13937986699545	100	200	300	0	0	0	0	536.65357688080155	173	0.2672612419124244	0.53452248382484879	0.80178372573727319
173	0	1	2212	253.5141970138061	-99.999999999999972	-199.99999999999994	699.99999999999989	0	0	0	0	536.65357688080155	173	0	0	0
174	0	0	13	283.13937986699545	100	200	300	0	0	0	0	536.65357688080155	174	-0.2672612419124244	-0.53452248382484879	-0.80178372573727319
174	0	1	2212	253.5141970138061	-99.999999999999972	-199.99999999999994	699.99999999999989	0	0	0	0	536.65357688080155	174	0	0	0
175	0	0	-13	283.13937986699545	100	200	300	0	0	0	0	536.65357688080155	175	0.2672612419124244	0.53452248382484879	0.80178372573727319
175	0	1	2212	253.5141970138061	-99.999999999999972	-199.99999999999994	699.99999999999989	0	0	0	0	536.65357688080155	175	0	0	0
176	0	0	13	283.13937986699545	100	200	300	0	0	0	0	536.65357688080155	176	-0.2672612419124244	-0.53452248382484879	-0.80178372573727319
176	0	1	2212	253.5141970138061	-99.999999999999972	-199.99999999999994	699.99999999999989	0	0	0	0	536.65357688080155	176	0	0	0
177	0	0	-13	283.13937986699545	100	200	300	0	0	0	0	536.65357688080155	177	0.2672612419124244	0.53452248382484879	0.80178372573727319
177	0	1	2212	253.5141970138061	-99.999999999999972	-199.99999999999994	699.99999999999989	0	0	0	0	536.65357688080155	177	0	0	0
178	0	0	13	283.13937986699545	100	200	300	0	0	0	0	536.65357688080155	178	-0.2672612419124244	-0.53452248382484879	-0.80178372573727319
178	0	1	2212	253.5141970138061	-99.999999999999972	-199.99999999999994	699.99999999999989	0	0	0	0	536.65357688080155	178	0	0	0
179	0	0	-13	283.13937986699545	100	200	300	0	0	0	0	536.65357688080155	179	0.2672612419124244	0.53452248382484879	0.80178372573727319
179	0	1	2212	253.5141970138061	-99.999999999999972	-199.99999999999994	699.99999999999989	0	0	0	0	536.65357688080155	179	0	0	0
180	0	0	13	283.13937986699545	100	200	300	0	0	0	0	536.65357688080155	180	-0.2672612419124244	-0.53452248382484879	-0.80178372573727319
180	0	1	2212	253.5141970138061	-99.999999999999972	-199.99999999999994	699.99999999999989	0	0	0	0	536.65357688080155	180	0	0	0
181	0	0	-13	283.13937986699545	100	200	300	0	0	0	0	536.65357688080155	181	0.2672612419124244	0.53452248382484879	0.80178372573727319
181	0	1	2212	253.5141970138061	-99.999999999999972	-199.99999999999994	699.99999999999989	0	0	0	0	536.65357688080155	181	0	0	0
182	0	0	13	283.13937986699545	100	200	300	0	0	0	0	536.65357688080155	182	-0.2672612419124244	-0.53452248382484879	-0.80178372573727319
182	0	1	2212	253.5141970138061	-99.999999999999972	-199.99999999999994	699.99999999999989	0	0	0	0	536.65357688080155	182	0	0	0
183	0	0	-13	283.13937986699545	100	200	300	0	0	0	0	536.65357688080155	183	0.2672612419124244	0.53452248382484879	0.80178372573727319
183	0	1	2212	253.5141970138061	-99.999999999999972	-199.99999999999994	699.99999999999989	0	0	0	0	536.65357688080155	183	0	0	0
184	0	0	13	283.13937986699545	100	200	300	0	0	0	0	536.65357688080155	184	-0.2672612419124244	-0.53452248382484879	-0.80178372573727319
184	0	1	2212	253.5141970138061	-99.999999999999972	-199.99999999999994	699.99999999999989	0	0	0	0	536.65357688080155	184	0	0	0
185	0	0	-13	283.13937986699545	100	200	300	0	0	0	0	536.65357688080155	185	0.2672612419124244	0.53452248382484879	0.80178372573727319
185	0	1	2212	253.5141970138061	-99.999999999999972	-199.99999999999994	699.99999999999989	0	0	0	0	536.65357688080155	185	0	0	0
186	0	0	13	283.13937986699545	100	200	300	0	0	0	0	536.65357688080155	186	-0.2672612419124244	-0.53452248382484879	-0.80178372573727319
186	0	1	2212	253.5141970138061	-99.999999999999972	-199.99999999999994	699.99999999999989	0	0	0	0	536.65357688080155	186	0	0	0
187	0	0	-13	283.13937986699545	100	200	300	0	0	0	0	536.65357688080155	187	0.2672612419124244	0.53452248382484879	0.80178372573727319
187	0	1	2212	253.5141970138061	-99.999999999999972	-199.99999999999994	699.99999999999989	0	0	0	0	536.65357688080155	187	0	0	0
188	0	0	13	283.13937986699545	100	200	300	0	0	0	0	536.65357688080155	188	-0.2672612419124244	-0.53452248382484879	-0.80178372573727319
188	0	1	2212	253.5141970138061	-99.999999999999972	-199.99999999999994	699.99999999999989	0	0	0	0	536.65357688080155	188	0	0	0
189	0	0	-13	283.13937986699545	100	200	300	0	0	0	0	536.65357688080155	189	0.2672612419124244	0.53452248382484879	0.80178372573727319
189	0	1	2212	253.5141970138061	-99.999999999999972	-199.99999999999994	699.99999999999989	0	0	0	0	536.65357688080155	189	0	0	0
190	0	0	13	283.13937986699545	100	200	300	0	0	0	0	536.65357688080155	190	-0.2672612419124244	-0.53452248382484879	-0.80178372573727319
190	0	1	2212	253.5141970138061	-99.999999999999972	-199.99999999999994	699.99999999999989	0	0	0	0	536.65357688080155	190	0	0	0
191	0	0	-13	283.13937986699545	100	200	300	0	0	0	0	536.65357688080155	191	0.2672612419124244	0.53452248382484879	0.80178372573727319
191	0	1	2212	253.5141970138061	-99.999999999999972	-199.99999999999994	699.99999999999989	0	0	0	0	536.65357688080155	191	0	0	0
192	0	0	13	283.13937986699545	100	200	300	0	0	0	0	536.65357688080155	192	-0.2672612419124244	-0.53452248382484879	-0.80178372573727319
192	0	1	2212	253.5141970138061	-99.999999999999972	-199.99999999999994	699.99999999999989	0	0	0	0	536.65357688080155	192	0	0	0
193	0	0	-13	283.13937986699545	100	200	300	0	0	0	0	536.65357688080155	193	0.2672612419124244	0.53452248382484879	0.80178372573727319
193	0	1	2212	253.5141970138061	-99.999999999999972	-199.99999999999994	699.99999999999989	0	0	0	0	536.65357688080155	193	0	0	0
194	0	0	13	283.13937986699545	100	200	300	0	0	0	0	536.65357688080155	194	-0.2672612419124244	-0.53452248382484879	-0.80178372573727319
194	0	1	2212	253.5141970138061	-99.999999999999972	-199.99999999999994	699.99999999999989	0	0	0	0	536.65357688080155	194	0	0	0
195	0	0	-13	283.13937986699545	100	200	300	0	0	0	0	536.65357688080155	195	0.2672612419124244	0.53452248382484879	0.80178372573727319
195	0	1	2212	253.5141970138061	-99.999999999999972	-199.99999999999994	699.99999999999989	0	0	0	0	536.65357688080155	195	0	0	0
196	0	0	13	283.13937986699545	100	200	300	0	0	0	0	536.65357688080155	196	-0.2672612419124244	-0.53452248382484879	-0.80178372573727319
196	0	1	2212	253.5141970138061	-99.999999999999972	-199.99999999999994	699.99999999999989	0	0	0	0	536.65357688080155	196	0	0	0
197	0	0	-13	283.13937986699545	100	200	300	0	0	0	0	536.65357688080155	197	0.2672612419124244	0.53452248382484879	0.80178372573727319
197	0	1	2212	253.5141970138061	-99.999999999999972	-199.99999999999994	699.99999999999989	0	0	0	0	536.65357688080155	197	0	0	0
198	0	0	13	283.13937986699545	100	200	300	0	0	0	0	536.65357688080155	198	-0.2672612419124244	-0.53452248382484879	-0.80178372573727319
198	0	1	2212	253.5141970138061	-99.999999999999972	-199.99999999999994	699.99999999999989	0	0	0	0	536.65357688080155	198	0	0	0
199	0	0	-13	283.13937986699545	100	200	300	0	0	0	0	536.65357688080155	199	0.2672612419124244	0.53452248382484879	0.80178372573727319
199	0	1	2212	253.5141970138061	-99.999999999999972	-199.99999999999994	699.99999999999989	0	0	0	0	536.65357688080155	199	0	0	0
200	0	0	13	283.13937986699545	100	200	300	0	0	0	0	536.65357688080155	200	-0.2672612419124244	-0.53452248382484879	-0.80178372573727319
200	0	1	2212	253.5141970138061	-99.999999999999972	-199.99999999999994	699.99999999999989	0	0	0	0	536.65357688080155	200	0	0	0
201	0	0	-13	283.13937986699545	100	200	300	0	0	0	0	536.65357688080155	201	0.2672612419124244	0.53452248382484879	0.80178372573727319
201	0	1	2212	253.5141970138061	-99.999999999999972	-199.99999999999994	699.99999999999989	0	0	0	0	536.65357688080155	201	0	0	0
202	0	0	13	283.13937986699545	100	200	300	0	0	0	0	536.65357688080155	202	-0.2672612419124244	-0.53452248382484879	-0.80178372573727319
202	0	1	2212	253.5141970138061	-99.999999999999972	-199.99999999999994	699.99999999999989	0	0	0	0	536.65357688080155	202	0	0	0
203	0	0	-13	283.13937986699545	100	200	300	0	0	0	0	536.65357688080155	203	0.2672612419124244	0.53452248382484879	0.80178372573727319
203	0	1	2212	253.5141970138061	-99.999999999999972	-199.99999999999994	699.99999999999989	0	0	0	0	536.65357688080155	203	0	0	0
204	0	0	13	283.13937986699545	100	200	300	0	0	0	0	536.65357688080155	204	-0.2672612419124244	-0.53452248382484879	-0.80178372573727319
204	0	1	2212	253.5141970138061	-99.999999999999972	-199.99999999999994	699.99999999999989	0	0	0	0	536.65357688080155	204	0	0	0
205	0	0	-13	283.13937986699545	100	200	300	0	0	0	0	536.65357688080155	205	0.2672612419124244	0.53452248382484879	0.80178372573727319
205	0	1	2212	253.5141970138061	-99.999999999999972	-199.99999999999994	699.99999999999989	0	0	0	0	536.65357688080155	205	0	0	0
206	0	0	13	283.13937986699545	100	200	300	0	0	0	0	536.65357688080155	206	-0.2672612419124244	-0.53452248382484879	-0.80178372573727319
206	0	1	2212	253.5141970138061	-99.999999999999972	-199.99999999999994	699.99999999999989	0	0	0	0	536.65357688080155	206	0	0	0
207	0	0	-13	283.13937986699545	100	200	300	0	0	0	0	536.65357688080155	207	0.2672612419124244	0.53452248382484879	0.80178372573727319
207	0	1	2212	253.5141970138061	-99.999999999999972	-199.99999999999994	699.99999999999989	0	0	0	0	536.65357688080155	207	0	0	0
208	0	0	13	283.13937986699545	100	200	300	0	0	0	0	536.65357688080155	208	-0.2672612419124244	-0.53452248382484879	-0.80178372573727319
208	0	1	2212	253.5141970138061	-99.999999999999972	-199.99999999999994	699.99999999999989	0	0	0	0	536.65357688080155	208	0	0	0
209	0	0	-13	283.13937986699545	100	200	300	0	0	0	0	536.65357688080155	209	0.2672612419124244	0.53452248382484879	0.80178372573727319
209	0	1	2212	253.5141970138061	-99.999999999999972	-199.99999999999994	699.99999999999989	0	0	0	0	536.65357688080155	209	0	0	0
210	0	0	13	283.13937986699545	100	200	300	0	0	0	0	536.65357688080155	210	-0.2672612419124244	-0.53452248382484879	-0.80178372573727319
210	0	1	2212	253.5141970138061	-99.999999999999972	-199.99999999999994	699.99999999999989	0	0	0	0	536.65357688080155	210	0	0	0
211	0	0	-13	283.13937986699545	100	200	300	0	0	0	0	536.65357688080155	211	0.2672612419124244	0.53452248382484879	0.80178372573727319
211	0	1	2212	253.5141970138061	-99.999999999999972	-199.99999999999994	699.99999999999989	0	0	0	0	536.65357688080155	211	0	0	0
212	0	0	13	283.13937986699545	100	200	300	0	0	0	0	536.65357688080155	212	-0.2672612419124244	-0.53452248382484879	-0.80178372573727319
212	0	1	2212	253.5141970138061	-99.999999999999972	-199.99999999999994	699.99999999999989	0	0	0	0	536.65357688080155	212	0	0	0
213	0	0	-13	283.13937986699545	100	200	300	0	0	0	0	536.65357688080155	213	0.2672612419124244	0.53452248382484879	0.80178372573727319
213	0	1	2212	253.5141970138061	-99.999999999999972	-199.99999999999994	699.99999999999989	0	0	0	0	536.65357688080155	213	0	0	0
214	0	0	13	283.13937986699545	100	200	300	0	0	0	0	536.65357688080155	214	-0.2672612419124244	-0.53452248382484879	-0.80178372573727319
214	0	1	2212	253.5141970138061	-99.999999999999972	-199.99999999999994	699.99999999999989	0	0	0	0	536.65357688080155	214	0	0	0
215	0	0	-13	283.13937986699545	100	200	300	0	0	0	0	536.65357688080155	215	0.2672612419124244	0.53452248382484879	0.80178372573727319
215	0	1	2212	253.5141970138061	-99.999999999999972	-199.99999999999994	699.99999999999989	0	0	0	0	536.65357688080155	215	0	0	0
216	0	0	13	283.13937986699545	100	200	300	0	0	0	0	536.65357688080155	216	-0.2672612419124244	-0.53452248382484879	-0.80178372573727319
216	0	1	2212	253.5141970138061	-99.999999999999972	-199.99999999999994	699.99999999999989	0	0	0	0	536.65357688080155	216	0	0	0
217	0	0	-13	283.13937986699545	100	200	300	0	0	0	0	536.65357688080155	217	0.2672612419124244	0.53452248382484879	0.80178372573727319
217	0	1	2212	253.5141970138061	-99.999999999999972	-199.99999999999994	699.99999999999989	0	0	0	0	536.65357688080155	217	0	0	0
218	0	0	13	283.13937986699545	100	200	300	0	0	0	0	536.65357688080155	218	-0.2672612419124244	-0.53452248382484879	-0.80178372573727319
218	0	1	2212	253.5141970138061	-99.999999999999972	-199.99999999999994	699.99999999999989	0	0	0	0	536.65357688080155	218	0	0	0
219	0	0	-13	283.13937986699545	100	200	300	0	0	0	0	536.65357688080155	219	0.2672612419124244	0.53452248382484879	0.80178372573727319
219	0	1	2212	253.5141970138061	-99.999999999999972	-199.99999999999994	699.99999999999989	0	0	0	0	536.65357688080155	219	0	0	0
220	0	0	13	283.13937986699545	100	200	300	0	0	0	0	536.65357688080155	220	-0.2672612419124244	-0.53452248382484879	-0.80178372573727319
220	0	1	2212	253.5141970138061	-99.999999999999972	-199.99999999999994	699.99999999999989	0	0	0	0	536.65357688080155	220	0	0	0
221	0	0	-13	283.13937986699545	100	200	300	0	0	0	0	536.65357688080155	221	0.2672612419124244	0.53452248382484879	0.80178372573727319
221	0	1	2212	253.5141970138061	-99.999999999999972	-199.99999999999994	699.99999999999989	0	0	0	0	536.65357688080155	221	0	0	0
222	0	0	13	283.13937986699545	100	200	300	0	0	0	0	536.65357688080155	222	-0.2672612419124244	-0.53452248382484879	-0.80178372573727319
222	0	1	2212	253.5141970138061	-99.999999999999972	-199.99999999999994	699.99999999999989	0	0	0	0	536.65357688080155	222	0	0	0
223	0	0	-13	283.13937986699545	100	200	300	0	0	0	0	536.65357688080155	223	0.2672612419124244	0.53452248382484879	0.80178372573727319
223	0	1	2212	253.5141970138061	-99.999999999999972	-199.99999999999994	699.99999999999989	0	0	0	0	536.65357688080155	223	0	0	0
224	0	0	13	283.13937986699545	100	200	300	0	0	0	0	536.65357688080155	224	-0.2672612419124244	-0.53452248382484879	-0.80178372573727319
224	0	1	2212	253.5141970138061	-99.999999999999972	-199.99999999999994	699.99999999999989	0	0	0	0	536.65357688080155	224	0	0	0
225	0	0	-13	283.13937986699545	100	200	300	0	0	0	0	536.65357688080155	225	0.2672612419124244	0.53452248382484879	0.80178372573727319
225	0	1	2212	253.5141970138061	-99.999999999999972	-199.99999999999994	699.99999999999989	0	0	0	0	536.65357688080155	225	0	0	0
226	0	0	13	283.13937986699545	100	200	300	0	0	0	0	536.65357688080155	226	-0.2672612419124244	-0.53452248382484879	-0.80178372573727319
226	0	1	2212	253.5141970138061	-99.999999999999972	-199.99999999999994	699.99999999999989	0	0	0	0	536.65357688080155	226	0	0	0
227	0	0	-13	283.13937986699545	100	200	300	0	0	0	0	536.65357688080155	227	0.2672612419124244	0.53452248382484879	0.80178372573727319
227	0	1	2212	253.5141970138061	-99.999999999999972	-199.99999999999994	699.99999999999989	0	0	0	0	536.65357688080155	227	0	0	0
228	0	0	13	283.13937986699545	100	200	300	0	0	0	0	536.65357688080155	228	-0.2672612419124244	-0.53452248382484879	-0.80178372573727319
228	0	1	2212	253.5141970138061	-99.999999999999972	-199.99999999999994	699.99999999999989	0	0	0	0	536.65357688080155	228	0	0	0
229	0	0	-13	283.13937986699545	100	200	300	0	0	0	0	536.65357688080155	229	0.2672612419124244	0.53452248382484879	0.80178372573727319
229	0	1	2212	253.5141970138061	-99.999999999999972	-199.99999999999994	699.99999999999989	0	0	0	0	536.65357688080155	229	0	0	0
230	0	0	13	283.13937986699545	100	200	300	0	0	0	0	536.65357688080155	230	-0.2672612419124244	-0.53452248382484879	-0.80178372573727319
230	0	1	2212	253.5141970138061	-99.999999999999972	-199.99999999999994	699.99999999999989	0	0	0	0	536.65357688080155	230	0	0	0
231	0	0	-13	283.13937986699545	100	200	300	0	0	0	0	536.65357688080155	231	0.2672612419124244	0.53452248382484879	0.80178372573727319
231	0	1	2212	253.5141970138061	-99.999999999999972	-199.99999999999994	699.99999999999989	0	0	0	0	536.65357688080155	231	0	0	0
232	0	0	13	283.13937986699545	100	200	300	0	0	0	0	536.65357688080155	232	-0.2672612419124244	-0.53452248382484879	-0.80178372573727319
232	0	1	2212	253.5141970138061	-99.999999999999972	-199.99999999999994	699.99999999999989	0	0	0	0	536.65357688080155	232	0	0	0
233	0	0	-13	283.13937986699545	100	200	300	0	0	0	0	536.65357688080155	233	0.2672612419124244	0.53452248382484879	0.80178372573727319
233	0	1	2212	253.5141970138061	-99.999999999999972	-199.99999999999994	699.99999999999989	0	0	0	0	536.65357688080155	233	0	0	0
234	0	0	13	283.13937986699545	100	200	300	0	0	0	0	536.65357688080155	234	-0.2672612419124244	-0.53452248382484879	-0.80178372573727319
234	0	1	2212	253.5141970138061	-99.999999999999972	-199.99999999999994	699.99999999999989	0	0	0	0	536.65357688080155	234	0	0	0
235	0	0	-13	283.13937986699545	100	200	300	0	0	0	0	536.65357688080155	235	0.2672612419124244	0.53452248382484879	0.80178372573727319
235	0	1	2212	253.5141970138061	-99.999999999999972	-199.99999999999994	699.99999999999989	0	0	0	0	536.65357688080155	235	0	0	0
236	0	0	13	283.13937986699545	100	200	300	0	0	0	0	536.65357688080155	236	-0.2672612419124244	-0.53452248382484879	-0.80178372573727319
236	0	1	2212	253.5141970138061	-99.999999999999972	-199.99999999999994	699.99999999999989	0	0	0	0	536.65357688080155	236	0	0	0
237	0	0	-13	283.13937986699545	100	200	300	0	0	0	0	536.65357688080155	237	0.2672612419124244	0.53452248382484879	0.80178372573727319
237	0	1	2212	253.5141970138061	-99.999999999999972	-199.99999999999994	699.99999999999989	0	0	0	0	536.65357688080155	237	0	0	0
238	0	0	13	283.13937986699545	100	200	300	0	0	0	0	536.65357688080155	238	-0.2672612419124244	-0.53452248382484879	-0.80178372573727319
238	0	1	2212	253.5141970138061	-99.999999999999972	-199.99999999999994	699.99999999999989	0	0	0	0	536.65357688080155	238	0	0	0
239	0	0	-13	283.13937986699545	100	200	300	0	0	0	0	536.65357688080155	239	0.2672612419124244	0.53452248382484879	0.80178372573727319
239	0	1	2212	253.5141970138061	-99.999999999999972	-199.99999999999994	699.99999999999989	0	0	0	0	536.65357688080155	239	0	0	0
240	0	0	13	283.13937986699545	100	200	300	0	0	0	0	536.65357688080155	240	-0.2672612419124244	-0.53452248382484879	-0.80178372573727319
240	0	1	2212	253.5141970138061	-99.999999999999972	-199.99999999999994	699.99999999999989	0	0	0	0	536.65357688080155	240	0	0	0
241	0	0	-13	283.13937986699545	100	200	300	0	0	0	0	536.65357688080155	241	0.2672612419124244	0.53452248382484879	0.80178372573727319
241	0	1	2212	253.5141970138061	-99.999999999999972	-199.99999999999994	699.99999999999989	0	0	0	0	536.65357688080155	241	0	0	0
242	0	0	13	283.13937986699545	100	200	300	0	0	0	0	536.65357688080155	242	-0.2672612419124244	-0.53452248382484879	-0.80178372573727319
242	0	1	2212	253.5141970138061	-99.999999999999972	-199.99999999999994	699.99999999999989	0	0	0	0	536.65357688080155	242	0	0	0
243	0	0	-13	283.13937986699545	100	200	300	0	0	0	0	536.65357688080155	243	0.2672612419124244	0.53452248382484879	0.80178372573727319
243	0	1	2212	253.5141970138061	-99.999999999999972	-199.99999999999994	699.99999999999989	0	0	0	0	536.65357688080155	243	0	0	0
244	0	0	13	283.13937986699545	100	200	300	0	0	0	0	536.65357688080155	244	-0.2672612419124244	-0.53452248382484879	-0.80178372573727319
244	0	1	2212	253.5141970138061	-99.999999999999972	-199.99999999999994	699.99999999999989	0	0	0	0	536.65357688080155	244	0	0	0
245	0	0	-13	283.13937986699545	100	200	300	0	0	0	0	536.65357688080155	245	0.2672612419124244	0.53452248382484879	0.80178372573727319
245	0	1	2212	253.5141970138061	-99.999999999999972	-199.99999999999994	699.99999999999989	0	0	0	0	536.65357688080155	245	0	0	0
246	0	0	13	283.13937986699545	100	200	300	0	0	0	0	536.65357688080155	246	-0.2672612419124244	-0.53452248382484879	-0.80178372573727319
246	0	1	2212	253.5141970138061	-99.999999999999972	-199.99999999999994	699.99999999999989	0	0	0	0	536.65357688080155	246	0	0	0
247	0	0	-13	283.13937986699545	100	200	300	0	0	0	0	536.65357688080155	247	0.2672612419124244	0.53452248382484879	0.80178372573727319
247	0	1	2212	253.5141970138061	-99.999999999999972	-199.99999999999994	699.99999999999989	0	0	0	0	536.65357688080155	247	0	0	0
248	0	0	13	283.13937986699545	100	200	300	0	0	0	0	536.65357688080155	248	-0.2672612419124244	-0.53452248382484879	-0.80178372573727319
248	0	1	2212	253.5141970138061	-99.999999999999972	-199.99999999999994	699.99999999999989	0	0	0	0	536.65357688080155	248	0	0	0
249	0	0	-13	283.13937986699545	100	200	300	0	0	0	0	536.65357688080155	249	0.2672612419124244	0.53452248382484879	0.80178372573727319
249	0	1	2212	253.5141970138061	-99.999999999999972	-199.99999999999994	699.99999999999989	0	0	0	0	536.65357688080155	249	0	0	0
250	0	0	13	283.13937986699545	100	200	300	0	0	0	0	536.65357688080155	250	-0.2672612419124244	-0.53452248382484879	-0.80178372573727319
250	0	1	2212	253.5141970138061	-99.999999999999972	-199.99999999999994	699.99999999999989	0	0	0	0	536.65357688080155	250	0	0	0
251	0	0	-13	283.13937986699545	100	200	300	0	0	0	0	536.65357688080155	251	0.2672612419124244	0.53452248382484879	0.80178372573727319
251	0	1	2212	253.5141970138061	-99.999999999999972	-199.99999999999994	699.99999999999989	0	0	0	0	536.65357688080155	251	0	0	0
252	0	0	13	283.13937986699545	100	200	300	0	0	0	0	536.65357688080155	252	-0.2672612419124244	-0.53452248382484879	-0.80178372573727319
252	0	1	2212	253.5141970138061	-99.999999999999972	-199.99999999999994	699.99999999999989	0	0	0	0	536.65357688080155	252	0	0	0
253	0	0	-13	283.13937986699545	100	200	300	0	0	0	0	536.65357688080155	253	0.2672612419124244	0.53452248382484879	0.80178372573727319
253	0	1	2212	253.5141970138061	-99.999999999999972	-199.99999999999994	699.99999999999989	0	0	0	0	536.65357688080155	253	0	0	0
254	0	0	13	283.13937986699545	100	200	300	0	0	0	0	536.65357688080155	254	-0.2672612419124244	-0.53452248382484879	-0.80178372573727319
254	0	1	2212	253.5141970138061	-99.999999999999972	-199.99999999999994	699.99999999999989	0	0	0	0	536.65357688080155	254	0	0	0
255	0	0	-13	283.13937986699545	100	200	300	0	0	0	0	536.65357688080155	255	0.2672612419124244	0.53452248382484879	0.80178372573727319
255	0	1	2212	253.5141970138061	-99.999999999999972	-199.99999999999994	699.99999999999989	0	0	0	0	536.65357688080155	255	0	0	0
