event,photons,chain_photons,pion_steps,chain_tracks,replacements,resumed,resumed_stopped,terminals,decays,captures,inelastic,muon_births,secondary_births,pi_plus_births,pi_minus_births,chain_length_mm,end_time_ns,end_radius_mm,max_radius_mm,max_birth_position_error_mm,max_birth_time_error_ns,max_birth_energy_error_mev,replace_alive,replace_stopbutalive,replace_stopkill,replace_killall,replace_suspend,replace_suspendwait,replace_postpone,terminal_process
0,0,0,6,2,1,1,1,1,0,1,0,0,19,0,1,0.31627608523576195,0.0077031610508534768,0.31535115881923481,0.31535115881923481,0,0,0,0,1,0,0,0,0,0,hBertiniCaptureAtRest
1,0,0,6,3,2,2,1,1,0,1,0,0,15,0,1,0.32563220079760985,0.0078576522969536367,0.3235624691169246,0.3235624691169246,0,0,4.4408920985006262e-16,1,1,0,0,0,0,0,hBertiniCaptureAtRest
2,30344,0,5,2,1,1,1,1,0,1,0,0,11,0,1,0.30776144608546463,0.0073909875920447187,0.30712169259788363,0.30712169259788363,0,0,0,0,1,0,0,0,0,0,hBertiniCaptureAtRest
3,1855,0,6,3,2,2,0,1,0,1,0,0,8,0,1,0.32084967533949837,0.0077382440516486628,0.32018282307264828,0.32018282307264828,0,0,0,2,0,0,0,0,0,0,hBertiniCaptureAtRest
4,29490,0,8,4,3,3,0,1,0,1,0,0,6,0,1,0.3292601672837937,0.0080920665794219655,0.32675210800481613,0.32675210800481613,0,0,2.2204460492503131e-16,3,0,0,0,0,0,0,hBertiniCaptureAtRest
5,30362,0,8,3,2,2,1,1,0,1,0,0,13,0,1,0.32663741482066772,0.0080055554848569247,0.3256253800297978,0.3256253800297978,0,0,5.5511151231257827e-17,1,1,0,0,0,0,0,hBertiniCaptureAtRest
6,2790,0,7,3,2,2,1,1,0,1,0,0,17,0,1,0.32727584233989848,0.0079741231013011234,0.32560387840127741,0.32560387840127741,0,0,1.1102230246251565e-16,1,1,0,0,0,0,0,hBertiniCaptureAtRest
7,29377,0,5,3,2,2,1,1,0,1,0,0,11,0,1,0.33855394215554402,0.0080933181413926011,0.33694353037599795,0.33694353037599795,0,0,2.2204460492503131e-16,1,1,0,0,0,0,0,hBertiniCaptureAtRest
8,0,0,5,2,1,1,1,1,0,1,0,0,18,0,1,0.32381007524849187,0.0077694939934954202,0.32290174602367305,0.32290174602367305,0,0,0,0,1,0,0,0,0,0,hBertiniCaptureAtRest
9,1703,0,7,2,1,1,0,1,0,1,0,0,24,0,1,0.30918434779857973,0.007604289443967507,0.30772062941017114,0.30772062941017114,0,0,5.5511151231257827e-17,1,0,0,0,0,0,0,hBertiniCaptureAtRest
10,0,0,6,3,2,2,1,1,0,1,0,0,21,0,1,0.31299492448082361,0.007545419489311503,0.31182378361078078,0.31182378361078078,0,0,4.4408920985006262e-16,1,1,0,0,0,0,0,hBertiniCaptureAtRest
11,950,0,6,1,0,0,0,1,0,1,0,0,14,0,1,0.31386839795319893,0.0075149959679921673,0.31304096924428498,0.31304096924428498,0,0,0,0,0,0,0,0,0,0,hBertiniCaptureAtRest
12,30256,0,7,4,3,3,1,1,0,1,0,0,8,0,1,0.32732531740181131,0.0079954565454715878,0.32452886792506452,0.32452886792506452,0,0,1.9428902930940239e-16,2,1,0,0,0,0,0,hBertiniCaptureAtRest
13,1671,0,9,2,1,1,0,1,0,1,0,0,19,0,1,0.29571093194148856,0.0072070752943288879,0.29443235779149285,0.29443235779149285,0,0,4.4408920985006262e-16,1,0,0,0,0,0,0,hBertiniCaptureAtRest
14,2549,0,5,2,1,1,1,1,0,1,0,0,18,0,1,0.31989429638687422,0.0076454786139622706,0.31842442622504569,0.31842442622504569,0,0,0,0,1,0,0,0,0,0,hBertiniCaptureAtRest
15,1402,0,8,2,1,1,0,1,0,1,0,0,16,0,1,0.28759336669027258,0.0070643335533606645,0.28701227864139106,0.28701227864139106,0,0,2.2204460492503131e-16,1,0,0,0,0,0,0,hBertiniCaptureAtRest
16,29806,0,6,2,1,1,1,1,0,1,0,0,13,0,1,0.29609771907998478,0.0071119477763987816,0.29529906179483112,0.29529906179483112,0,0,0,0,1,0,0,0,0,0,hBertiniCaptureAtRest
17,30567,0,5,2,1,1,0,1,0,1,0,0,9,0,1,0.32118186374697849,0.0077475558398866886,0.31997202824859949,0.31997202824859949,0,0,0,1,0,0,0,0,0,0,hBertiniCaptureAtRest
18,1109,0,6,2,1,1,0,1,0,1,0,0,21,0,1,0.31528699180667413,0.0076543317545629862,0.31447194215632002,0.31447194215632002,0,0,5.5511151231257827e-17,1,0,0,0,0,0,0,hBertiniCaptureAtRest
19,908,0,7,3,2,2,1,1,0,1,0,0,20,0,1,0.31613301379207359,0.007734400154468731,0.31528792611975448,0.31528792611975448,0,0,0,1,1,0,0,0,0,0,hBertiniCaptureAtRest
20,105,0,8,4,3,3,1,1,0,1,0,0,19,0,1,0.31244386737093116,0.0076516262952536834,0.31052761560055436,0.31052761560055436,0,0,4.4408920985006262e-16,2,1,0,0,0,0,0,hBertiniCaptureAtRest
21,1959,0,7,2,1,1,0,1,0,1,0,0,18,0,1,0.28795321549593555,0.007131937884484409,0.28737101520750524,0.28737101520750524,0,0,1.6653345369377348e-16,1,0,0,0,0,0,0,hBertiniCaptureAtRest
22,29389,0,8,3,2,2,1,1,0,1,0,0,8,0,1,0.31159652831421736,0.0075989842285265185,0.31054126168415735,0.31054126168415735,0,0,4.163336342344337e-17,1,1,0,0,0,0,0,hBertiniCaptureAtRest
23,0,0,5,2,1,1,1,1,0,1,0,0,16,0,1,0.32282988168663068,0.0077658179988872224,0.32222234754384388,0.32222234754384388,0,0,0,0,1,0,0,0,0,0,hBertiniCaptureAtRest
24,100,0,7,2,1,1,0,1,0,1,0,0,14,0,1,0.32274390192091695,0.0077717803292914993,0.32161736572208227,0.32161736572208227,0,0,4.3368086899420177e-19,1,0,0,0,0,0,0,hBertiniCaptureAtRest
25,29951,0,7,2,1,1,0,1,0,1,0,0,13,0,1,0.32279840047340186,0.0078697090954810596,0.32066398869072082,0.32066398869072082,0,0,5.5511151231257827e-17,1,0,0,0,0,0,0,hBertiniCaptureAtRest
26,879,0,7,3,2,2,0,1,0,1,0,0,14,0,1,0.30628590134005296,0.0074980104984356619,0.30553399703545825,0.30553399703545825,0,0,2.2204460492503131e-16,2,0,0,0,0,0,0,hBertiniCaptureAtRest
27,0,0,9,4,3,3,0,1,0,1,0,0,21,0,1,0.30419447997092453,0.007391241714172418,0.30324609486722026,0.30324609486722026,0,0,2.2204460492503131e-16,3,0,0,0,0,0,0,hBertiniCaptureAtRest
28,416,0,7,2,1,1,0,1,0,1,0,0,19,0,1,0.31564854327191272,0.0076871243374045661,0.31455881307671374,0.31455881307671374,0,0,8.6736173798840355e-19,1,0,0,0,0,0,0,hBertiniCaptureAtRest
29,30217,0,8,2,1,1,0,1,0,1,0,0,8,0,1,0.30325791744865227,0.0074087994150360877,0.30226008567057383,0.30226008567057383,0,0,4.3368086899420177e-19,1,0,0,0,0,0,0,hBertiniCaptureAtRest
30,0,0,6,3,2,2,0,1,0,1,0,0,16,0,1,0.3201670135857011,0.0078035541619211075,0.31834182751557288,0.31834182751557288,0,0,3.4694469519536142e-18,2,0,0,0,0,0,0,hBertiniCaptureAtRest
31,29187,0,6,1,0,0,0,1,0,1,0,0,12,0,1,0.32100594686447459,0.0078153945147000844,0.32005355782810574,0.32005355782810574,0,0,0,0,0,0,0,0,0,0,hBertiniCaptureAtRest
32,1049,0,8,4,3,3,1,1,0,1,0,0,13,0,1,0.31976688262031239,0.0078507319383435206,0.31744511305480705,0.31744511305480705,0,0,2.2204460492503131e-16,2,1,0,0,0,0,0,hBertiniCaptureAtRest
33,1323,0,8,3,2,2,1,1,0,1,0,0,24,0,1,0.31423890686640948,0.0076959448302825551,0.31265766475844142,0.31265766475844142,0,0,2.2204460492503131e-16,1,1,0,0,0,0,0,hBertiniCaptureAtRest
34,29865,0,11,1,0,0,0,1,0,1,0,0,13,0,1,0.2984381181761947,0.0074486372126565921,0.29754556304260182,0.29754556304260182,0,0,0,0,0,0,0,0,0,0,hBertiniCaptureAtRest
35,3360,0,5,1,0,0,0,1,0,1,0,0,15,0,1,0.3245152761490806,0.0077493025860606701,0.32386963216253423,0.32386963216253423,0,0,0,0,0,0,0,0,0,0,hBertiniCaptureAtRest
36,29983,0,6,1,0,0,0,1,0,1,0,0,10,0,1,0.31813243867390784,0.0076953406305217912,0.31734569028870446,0.31734569028870446,0,0,0,0,0,0,0,0,0,0,hBertiniCaptureAtRest
37,404,0,9,1,0,0,0,1,0,1,0,0,19,0,1,0.31763787075272665,0.0077205923585711147,0.31628707224179092,0.31628707224179092,0,0,0,0,0,0,0,0,0,0,hBertiniCaptureAtRest
38,0,0,8,3,2,2,0,1,0,1,0,0,21,0,1,0.30872376425222081,0.0075480286606077742,0.30725749270631519,0.30725749270631519,0,0,6.6613381477509392e-16,2,0,0,0,0,0,0,hBertiniCaptureAtRest
39,0,0,7,3,2,2,1,1,0,1,0,0,25,0,1,0.32400847404756911,0.0080354048303575114,0.32289062008107083,0.32289062008107083,0,0,1.1102230246251565e-16,1,1,0,0,0,0,0,hBertiniCaptureAtRest
40,0,0,11,3,2,2,0,1,0,1,0,0,22,0,1,0.28259325841771793,0.0072070085017358083,0.28149947259699221,0.28149947259699221,0,0,1.7347234759768071e-18,2,0,0,0,0,0,0,hBertiniCaptureAtRest
41,115,0,9,2,1,1,0,1,0,1,0,0,13,0,1,0.30944355561659415,0.0076990816665292259,0.30837771938048214,0.30837771938048214,0,0,5.2041704279304213e-18,1,0,0,0,0,0,0,hBertiniCaptureAtRest
42,942,0,8,3,2,2,1,1,0,1,0,0,19,0,1,0.31129823560288911,0.0076221695157553627,0.31015700380016681,0.31015700380016681,0,0,0,1,1,0,0,0,0,0,hBertiniCaptureAtRest
43,29700,0,7,3,2,2,1,1,0,1,0,0,7,0,1,0.32244557951554659,0.0079373059624258044,0.3203133178679779,0.3203133178679779,0,0,2.2204460492503131e-16,1,1,0,0,0,0,0,hBertiniCaptureAtRest
44,263,0,8,3,2,2,1,1,0,1,0,0,16,0,1,0.30231237089757301,0.00736011606036047,0.3006163619310252,0.3006163619310252,0,0,2.2204460492503131e-16,1,1,0,0,0,0,0,hBertiniCaptureAtRest
45,2169,0,9,2,1,1,0,1,0,1,0,0,18,0,1,0.30817761067530292,0.0075096780192791179,0.30686313974648288,0.30686313974648288,0,0,2.1684043449710089e-19,1,0,0,0,0,0,0,hBertiniCaptureAtRest
46,214,0,6,2,1,1,1,1,0,1,0,0,18,0,1,0.31092147908065859,0.0075135250265791062,0.31014085925433454,0.31014085925433454,0,0,0,0,1,0,0,0,0,0,hBertiniCaptureAtRest
47,1034,0,6,3,2,2,1,1,0,1,0,0,20,0,1,0.31417291921981605,0.0076829319009701844,0.31347728763874572,0.31347728763874572,0,0,4.4408920985006262e-16,1,1,0,0,0,0,0,hBertiniCaptureAtRest
48,2709,0,7,3,2,2,1,1,0,1,0,0,22,0,1,0.30268185679457082,0.0075257060755217122,0.30008653728226459,0.30008653728226459,0,0,2.2204460492503131e-16,1,1,0,0,0,0,0,hBertiniCaptureAtRest
49,1430,0,11,3,2,2,1,1,0,1,0,0,18,0,1,0.30866952435444084,0.0077063970344920726,0.30743169185280039,0.30743169185280039,0,0,0,1,1,0,0,0,0,0,hBertiniCaptureAtRest
50,0,0,6,2,1,1,0,1,0,1,0,0,19,0,1,0.31816958847396126,0.0076846449170806892,0.3171121139288347,0.3171121139288347,0,0,1.1102230246251565e-16,1,0,0,0,0,0,0,hBertiniCaptureAtRest
51,30021,0,9,2,1,1,0,1,0,1,0,0,12,0,1,0.31243990989305626,0.0077144669109948339,0.31148543220042113,0.31148543220042113,0,0,5.5511151231257827e-17,1,0,0,0,0,0,0,hBertiniCaptureAtRest
52,0,0,8,3,2,2,1,1,0,1,0,0,21,0,1,0.30209574047787741,0.0074211688835948654,0.30110999145240397,0.30110999145240397,0,0,1.3877787807814457e-17,1,1,0,0,0,0,0,hBertiniCaptureAtRest
53,0,0,7,2,1,1,0,1,0,1,0,0,14,0,1,0.32668692055417775,0.0080420919099951742,0.32602476988227264,0.32602476988227264,0,0,5.5511151231257827e-17,1,0,0,0,0,0,0,hBertiniCaptureAtRest
54,1311,0,6,2,1,1,0,1,0,1,0,0,19,0,1,0.31332963646542678,0.0076429179354535904,0.31249327373422997,0.31249327373422997,0,0,1.1102230246251565e-16,1,0,0,0,0,0,0,hBertiniCaptureAtRest
55,466,0,7,3,2,2,0,1,0,1,0,0,15,0,1,0.29312736307273174,0.0072653517917499371,0.2920162391507789,0.2920162391507789,0,0,2.2204460492503131e-16,2,0,0,0,0,0,0,hBertiniCaptureAtRest
56,30349,0,7,3,2,2,1,1,0,1,0,0,8,0,1,0.31106791279284751,0.0075364282482865844,0.30983976925772905,0.30983976925772905,0,0,0,1,1,0,0,0,0,0,hBertiniCaptureAtRest
57,181,0,8,3,2,2,1,1,0,1,0,0,20,0,1,0.30912583951326295,0.0075153531225128963,0.30808427336662964,0.30808427336662964,0,0,0,1,1,0,0,0,0,0,hBertiniCaptureAtRest
58,0,0,6,3,2,2,0,1,0,1,0,0,20,0,1,0.32809794261961156,0.00797425570001533,0.3227475521138079,0.3227475521138079,0,0,2.2204460492503131e-16,2,0,0,0,0,0,0,hBertiniCaptureAtRest
59,31356,0,8,3,2,2,0,1,0,1,0,0,12,0,1,0.31148784882739894,0.007543544037228375,0.3104748577445256,0.3104748577445256,0,0,4.4408920985006262e-16,2,0,0,0,0,0,0,hBertiniCaptureAtRest
60,29549,0,7,4,3,3,1,1,0,1,0,0,8,0,1,0.3421133884206024,0.0083297531542518982,0.34099548606362962,0.34099548606362962,0,0,2.2204460492503131e-16,2,1,0,0,0,0,0,hBertiniCaptureAtRest
61,204,0,10,3,2,2,1,1,0,1,0,0,18,0,1,0.30726559538833298,0.0076105965589037738,0.30629309712637037,0.30629309712637037,0,0,6.9388939039072284e-18,1,1,0,0,0,0,0,hBertiniCaptureAtRest
62,29818,0,10,4,3,3,1,1,0,1,0,0,16,0,1,0.31238318335751081,0.0078304398160076397,0.31141192806000967,0.31141192806000967,0,0,1.6653345369377348e-16,2,1,0,0,0,0,0,hBertiniCaptureAtRest
63,1951,0,7,3,2,2,1,1,0,1,0,0,20,0,1,0.31018897105164495,0.0075753764204169842,0.30865597435776565,0.30865597435776565,0,0,2.2204460492503131e-16,1,1,0,0,0,0,0,hBertiniCaptureAtRest
64,0,0,6,3,2,2,0,1,0,1,0,0,15,0,1,0.30930739690282338,0.0075120682626919465,0.30710079163140291,0.30710079163140291,0,0,0,2,0,0,0,0,0,0,hBertiniCaptureAtRest
65,1026,0,7,3,2,2,1,1,0,1,0,0,17,0,1,0.29450188296445784,0.0072531020221759061,0.29366365136897338,0.29366365136897338,0,0,3.3306690738754696e-16,1,1,0,0,0,0,0,hBertiniCaptureAtRest
66,1623,0,6,2,1,1,0,1,0,1,0,0,14,0,1,0.32566308304944058,0.007909998231936579,0.32484759962382914,0.32484759962382914,0,0,2.7755575615628914e-17,1,0,0,0,0,0,0,hBertiniCaptureAtRest
67,29981,0,8,2,1,1,1,1,0,1,0,0,7,0,1,0.32175555343992773,0.0078888285179988631,0.32092587600953082,0.32092587600953082,0,0,0,0,1,0,0,0,0,0,hBertiniCaptureAtRest
68,2277,0,8,3,2,2,0,1,0,1,0,0,17,0,1,0.30449224708138434,0.0074791612269184717,0.30350406159232046,0.30350406159232046,0,0,4.4408920985006262e-16,2,0,0,0,0,0,0,hBertiniCaptureAtRest
69,0,0,6,2,1,1,0,1,0,1,0,0,13,0,1,0.31477097233846157,0.0076364931060155898,0.31343779770981495,0.31343779770981495,0,0,0,1,0,0,0,0,0,0,hBertiniCaptureAtRest
70,0,0,7,2,1,1,0,1,0,1,0,0,22,0,1,0.3159620237816157,0.0076892725718941488,0.31436648520173277,0.31436648520173277,0,0,0,1,0,0,0,0,0,0,hBertiniCaptureAtRest
71,30207,0,9,2,1,1,1,1,0,1,0,0,14,0,1,0.29710874667628739,0.0072900513378345785,0.29611538480748345,0.29611538480748345,0,0,0,0,1,0,0,0,0,0,hBertiniCaptureAtRest
72,1381,0,6,2,1,1,0,1,0,1,0,0,16,0,1,0.31323480296400091,0.0075662678413756148,0.31210452950669965,0.31210452950669965,0,0,8.6736173798840355e-19,1,0,0,0,0,0,0,hBertiniCaptureAtRest
73,946,0,6,3,2,2,1,1,0,1,0,0,10,0,1,0.32093376820733699,0.0078277587331682073,0.31988490442890566,0.31988490442890566,0,0,1.1102230246251565e-16,1,1,0,0,0,0,0,hBertiniCaptureAtRest
74,29600,0,8,1,0,0,0,1,0,1,0,0,12,0,1,0.28962129985400564,0.0071515478168600382,0.28874675075925066,0.28874675075925066,0,0,0,0,0,0,0,0,0,0,hBertiniCaptureAtRest
75,29108,0,7,3,2,2,1,1,0,1,0,0,9,0,1,0.31844831875951646,0.0077590332601130173,0.31653521039450455,0.31653521039450455,0,0,1.1102230246251565e-16,1,1,0,0,0,0,0,hBertiniCaptureAtRest
76,2505,0,6,3,2,2,1,1,0,1,0,0,22,0,1,0.31113103922805535,0.0075746669811432837,0.31037029685369522,0.31037029685369522,0,0,0,1,1,0,0,0,0,0,hBertiniCaptureAtRest
77,1442,0,8,3,2,2,1,1,0,1,0,0,17,0,1,0.3196616598662943,0.0079399516274330541,0.31873370493852982,0.31873370493852982,0,0,0,1,1,0,0,0,0,0,hBertiniCaptureAtRest
78,3584,0,5,3,2,2,1,1,0,1,0,0,17,0,1,0.32950291257271053,0.007898494366005428,0.32792152667076918,0.32792152667076918,0,0,0,1,1,0,0,0,0,0,hBertiniCaptureAtRest
79,30095,0,7,2,1,1,0,1,0,1,0,0,6,0,1,0.33444773328220129,0.0081572608448819278,0.3330622278839756,0.3330622278839756,0,0,0,1,0,0,0,0,0,0,hBertiniCaptureAtRest
80,210,0,7,2,1,1,0,1,0,1,0,0,14,0,1,0.31286846643938548,0.0076558307781142325,0.31173711402451754,0.31173711402451754,0,0,3.4694469519536142e-18,1,0,0,0,0,0,0,hBertiniCaptureAtRest
81,0,0,8,3,2,2,0,1,0,1,0,0,21,0,1,0.29342381064536327,0.0073005599396977292,0.29042662696317439,0.29042662696317439,0,0,2.2204460492503131e-16,2,0,0,0,0,0,0,hBertiniCaptureAtRest
82,30088,0,10,3,2,2,1,1,0,1,0,0,12,0,1,0.30167604092588041,0.007559725089715922,0.3002194485724945,0.3002194485724945,0,0,1.1102230246251565e-16,1,1,0,0,0,0,0,hBertiniCaptureAtRest
83,30274,0,9,3,2,2,1,1,0,1,0,0,11,0,1,0.30301099907980278,0.0076050417304376894,0.30153245948243862,0.30153245948243862,0,0,1.1102230246251565e-16,1,1,0,0,0,0,0,hBertiniCaptureAtRest
84,2775,0,6,2,1,1,0,1,0,1,0,0,13,0,1,0.32421832320813487,0.007870028331814851,0.32282175073240166,0.32282175073240166,0,0,1.7347234759768071e-18,1,0,0,0,0,0,0,hBertiniCaptureAtRest
85,1087,0,6,3,2,2,1,1,0,1,0,0,19,0,1,0.32024213278888758,0.0077853127157970622,0.31907977079320216,0.31907977079320216,0,0,5.5511151231257827e-17,1,1,0,0,0,0,0,hBertiniCaptureAtRest
86,30471,0,8,2,1,1,0,1,0,1,0,0,12,0,1,0.30126613227981286,0.0074503729115452926,0.30035756195915425,0.30035756195915425,0,0,5.5511151231257827e-17,1,0,0,0,0,0,0,hBertiniCaptureAtRest
87,29892,0,9,1,0,0,0,1,0,1,0,0,12,0,1,0.30522057713186335,0.007498200253781848,0.30466349994933006,0.30466349994933006,0,0,0,0,0,0,0,0,0,0,hBertiniCaptureAtRest
88,2858,0,6,3,2,2,0,1,0,1,0,0,14,0,1,0.31079390304030802,0.0075954374645370304,0.30883252412902146,0.30883252412902146,0,0,4.4408920985006262e-16,2,0,0,0,0,0,0,hBertiniCaptureAtRest
89,0,0,6,3,2,2,1,1,0,1,0,0,12,0,1,0.31694721746254761,0.0076466421675789467,0.31577374398418867,0.31577374398418867,0,0,0,1,1,0,0,0,0,0,hBertiniCaptureAtRest
90,0,0,6,2,1,1,1,1,0,1,0,0,19,0,1,0.31440169059464845,0.0076420934536047458,0.31387358370801943,0.31387358370801943,0,0,0,0,1,0,0,0,0,0,hBertiniCaptureAtRest
91,926,0,8,2,1,1,0,1,0,1,0,0,22,0,1,0.31038490012748721,0.0075927078357743072,0.30907452424547921,0.30907452424547921,0,0,0,1,0,0,0,0,0,0,hBertiniCaptureAtRest
92,0,0,6,2,1,1,0,1,0,1,0,0,11,0,1,0.31192608841802061,0.0075930537628774494,0.31087926526552173,0.31087926526552173,0,0,2.2204460492503131e-16,1,0,0,0,0,0,0,hBertiniCaptureAtRest
93,30670,0,6,3,2,2,0,1,0,1,0,0,10,0,1,0.32955529420022422,0.0079741850392857118,0.32890397914243269,0.32890397914243269,0,0,2.2204460492503131e-16,2,0,0,0,0,0,0,hBertiniCaptureAtRest
94,30655,0,9,3,2,2,1,1,0,1,0,0,12,0,1,0.3250175519214234,0.007919768771372725,0.32346730997156853,0.32346730997156853,0,0,1.6653345369377348e-16,1,1,0,0,0,0,0,hBertiniCaptureAtRest
95,334,0,7,2,1,1,0,1,0,1,0,0,21,0,1,0.31765968900557628,0.0077147635387950749,0.31504755900934095,0.31504755900934095,0,0,1.1102230246251565e-16,1,0,0,0,0,0,0,hBertiniCaptureAtRest
96,1966,0,6,2,1,1,1,1,0,1,0,0,9,0,1,0.33652360953668503,0.0081548393680204896,0.33574458292903508,0.33574458292903508,0,0,0,0,1,0,0,0,0,0,hBertiniCaptureAtRest
97,751,0,6,3,2,2,1,1,0,1,0,0,20,0,1,0.31675783140632319,0.0077333678605464931,0.31585534212570293,0.31585534212570293,0,0,4.4408920985006262e-16,1,1,0,0,0,0,0,hBertiniCaptureAtRest
98,30312,0,8,3,2,2,0,1,0,1,0,0,11,0,1,0.31770514279849665,0.0077448853184220699,0.31662861892604199,0.31662861892604199,0,0,0,2,0,0,0,0,0,0,hBertiniCaptureAtRest
99,0,0,6,1,0,0,0,1,0,1,0,0,13,0,1,0.31256081942332392,0.0075397987817832565,0.31159881880661067,0.31159881880661067,0,0,0,0,0,0,0,0,0,0,hBertiniCaptureAtRest
100,0,0,8,4,3,3,1,1,0,1,0,0,21,0,1,0.31146913323418235,0.007621360516157351,0.31024579144079401,0.31024579144079401,0,0,4.4408920985006262e-16,2,1,0,0,0,0,0,hBertiniCaptureAtRest
101,30860,0,6,3,2,2,1,1,0,1,0,0,12,0,1,0.3180744063266886,0.0077387113693544972,0.31661852216893033,0.31661852216893033,0,0,3.3306690738754696e-16,1,1,0,0,0,0,0,hBertiniCaptureAtRest
102,0,0,8,3,2,2,0,1,0,1,0,0,21,0,1,0.31369884510991364,0.0076792934038574017,0.31211804676944915,0.31211804676944915,0,0,6.6613381477509392e-16,2,0,0,0,0,0,0,hBertiniCaptureAtRest
103,29899,0,7,3,2,2,0,1,0,1,0,0,11,0,1,0.3207385314804756,0.0077737382730749078,0.31928702692762695,0.31928702692762695,0,0,2.2204460492503131e-16,2,0,0,0,0,0,0,hBertiniCaptureAtRest
104,915,0,6,2,1,1,0,1,0,1,0,0,19,0,1,0.30607351099366453,0.0074751076361654883,0.30517626605100123,0.30517626605100123,0,0,1.1102230246251565e-16,1,0,0,0,0,0,0,hBertiniCaptureAtRest
105,0,0,7,4,3,3,1,1,0,1,0,0,20,0,1,0.31140342470465299,0.0075388745819678759,0.31022853273067574,0.31022853273067574,0,0,2.2204460492503131e-16,2,1,0,0,0,0,0,hBertiniCaptureAtRest
106,0,0,7,2,1,1,0,1,0,1,0,0,23,0,1,0.31980824064342717,0.0078186159756785546,0.31918364299828922,0.31918364299828922,0,0,1.1102230246251565e-16,1,0,0,0,0,0,0,hBertiniCaptureAtRest
107,30935,0,7,4,3,3,1,1,0,1,0,0,9,0,1,0.3043829179616499,0.0074004038260971263,0.30290796622960076,0.30290796622960076,0,0,5.5511151231257827e-16,2,1,0,0,0,0,0,hBertiniCaptureAtRest
108,1411,0,9,2,1,1,0,1,0,1,0,0,11,0,1,0.30591869190239634,0.0074995353657570235,0.30218121815068244,0.30218121815068244,0,0,5.5511151231257827e-17,1,0,0,0,0,0,0,hBertiniCaptureAtRest
109,2650,0,9,2,1,1,0,1,0,1,0,0,15,0,1,0.30223132937249653,0.0074420526956126285,0.30094322210171426,0.30094322210171426,0,0,1.7347234759768071e-18,1,0,0,0,0,0,0,hBertiniCaptureAtRest
110,107,0,8,2,1,1,0,1,0,1,0,0,21,0,1,0.32595999810764004,0.007977592183368026,0.32512862546628962,0.32512862546628962,0,0,3.4694469519536142e-18,1,0,0,0,0,0,0,hBertiniCaptureAtRest
111,1407,0,6,2,1,1,0,1,0,1,0,0,17,0,1,0.31172438781145356,0.0075453763047380502,0.31092219560041967,0.31092219560041967,0,0,1.1102230246251565e-16,1,0,0,0,0,0,0,hBertiniCaptureAtRest
112,0,0,7,3,2,2,0,1,0,1,0,0,22,0,1,0.29929702945109204,0.0072219068831918809,0.2961307294157054,0.2961307294157054,0,0,2.2204460492503131e-16,2,0,0,0,0,0,0,hBertiniCaptureAtRest
113,494,0,7,2,1,1,0,1,0,1,0,0,21,0,1,0.30143755654980758,0.0074370873578958104,0.30074714807572361,0.30074714807572361,0,0,2.0816681711721685e-17,1,0,0,0,0,0,0,hBertiniCaptureAtRest
114,4648,0,5,2,1,1,0,1,0,1,0,0,18,0,1,0.32050324530010971,0.0076833154756882731,0.31956622317618921,0.31956622317618921,0,0,0,1,0,0,0,0,0,0,hBertiniCaptureAtRest
115,30379,0,7,3,2,2,1,1,0,1,0,0,6,0,1,0.33107018988859599,0.0080739622048253915,0.32957387956336259,0.32957387956336259,0,0,1.1102230246251565e-16,1,1,0,0,0,0,0,hBertiniCaptureAtRest
116,1026,0,9,3,2,2,0,1,0,1,0,0,21,0,1,0.31290311676677524,0.0075673064753490529,0.31187008590668586,0.31187008590668586,0,0,2.2204460492503131e-16,2,0,0,0,0,0,0,hBertiniCaptureAtRest
117,16,0,5,3,2,2,1,1,0,1,0,0,17,0,1,0.31354553370006694,0.0075597841967236235,0.3123107456965562,0.3123107456965562,0,0,2.2204460492503131e-16,1,1,0,0,0,0,0,hBertiniCaptureAtRest
118,29471,0,8,2,1,1,0,1,0,1,0,0,15,0,1,0.30318294734585044,0.0074526408192880852,0.30236222959570525,0.30236222959570525,0,0,1.1102230246251565e-16,1,0,0,0,0,0,0,hBertiniCaptureAtRest
119,864,0,7,4,3,3,1,1,0,1,0,0,20,0,1,0.31756608175560369,0.0078599433888803649,0.31611509536816745,0.31611509536816745,0,0,2.2204460492503131e-16,2,1,0,0,0,0,0,hBertiniCaptureAtRest
120,1632,0,8,4,3,3,0,1,0,1,0,0,13,0,1,0.30788302803745105,0.0076267064024603684,0.30658882039007018,0.30658882039007018,0,0,1.1102230246251565e-16,3,0,0,0,0,0,0,hBertiniCaptureAtRest
121,29881,0,10,3,2,2,1,1,0,1,0,0,10,0,1,0.30363924619798982,0.0075834037201182583,0.30250902541555735,0.30250902541555735,0,0,2.7755575615628914e-17,1,1,0,0,0,0,0,hBertiniCaptureAtRest
122,30610,0,8,4,3,3,1,1,0,1,0,0,7,0,1,0.3124299557423218,0.0076060300220312611,0.31084593394558546,0.31084593394558546,0,0,2.2204460492503131e-16,2,1,0,0,0,0,0,hBertiniCaptureAtRest
123,0,0,8,2,1,1,0,1,0,1,0,0,20,0,1,0.31985171058418937,0.0079058400840456618,0.31870610357084,0.31870610357084,0,0,1.1102230246251565e-16,1,0,0,0,0,0,0,hBertiniCaptureAtRest
124,1300,0,8,2,1,1,0,1,0,1,0,0,21,0,1,0.3233534531061853,0.0078935113714493198,0.32103601720017078,0.32103601720017078,0,0,2.2204460492503131e-16,1,0,0,0,0,0,0,hBertiniCaptureAtRest
125,267,0,8,4,3,3,1,1,0,1,0,0,17,0,1,0.32008300247491117,0.0077949944081743012,0.31902263666880215,0.31902263666880215,0,0,2.2204460492503131e-16,2,1,0,0,0,0,0,hBertiniCaptureAtRest
126,429,0,8,2,1,1,0,1,0,1,0,0,24,0,1,0.29213325952631136,0.0072115490681148552,0.29043321982636228,0.29043321982636228,0,0,2.2204460492503131e-16,1,0,0,0,0,0,0,hBertiniCaptureAtRest
127,0,0,7,3,2,2,0,1,0,1,0,0,14,0,1,0.31791017639202029,0.0078035849893030385,0.31627987120824785,0.31627987120824785,0,0,6.6613381477509392e-16,2,0,0,0,0,0,0,hBertiniCaptureAtRest
128,0,0,7,3,2,2,1,1,0,1,0,0,17,0,1,0.32636217238650267,0.007919578713999573,0.32492116099981055,0.32492116099981055,0,0,1.3877787807814457e-17,1,1,0,0,0,0,0,hBertiniCaptureAtRest
129,228,0,8,1,0,0,0,1,0,1,0,0,21,0,1,0.31177145576479237,0.0076790892145755631,0.3108323279560159,0.3108323279560159,0,0,0,0,0,0,0,0,0,0,hBertiniCaptureAtRest
130,2488,0,10,3,2,2,0,1,0,1,0,0,25,0,1,0.3020717174915617,0.0074533516895326857,0.29961992628725065,0.29961992628725065,0,0,1.1102230246251565e-16,2,0,0,0,0,0,0,hBertiniCaptureAtRest
131,1356,0,7,3,2,2,0,1,0,1,0,0,19,0,1,0.32848844018755158,0.0079989806599295686,0.32737971625629464,0.32737971625629464,0,0,2.2204460492503131e-16,2,0,0,0,0,0,0,hBertiniCaptureAtRest
132,29329,0,6,2,1,1,0,1,0,1,0,0,10,0,1,0.32939028978189033,0.0079636969276214286,0.32823077683449464,0.32823077683449464,0,0,5.5511151231257827e-17,1,0,0,0,0,0,0,hBertiniCaptureAtRest
133,0,0,7,4,3,3,1,1,0,1,0,0,12,0,1,0.31291500065703354,0.0076510517136901051,0.31168452513967515,0.31168452513967515,0,0,2.2204460492503131e-16,2,1,0,0,0,0,0,hBertiniCaptureAtRest
134,0,0,8,3,2,2,1,1,0,1,0,0,16,0,1,0.31939059725891722,0.0078593935595865586,0.31811283225357317,0.31811283225357317,0,0,0,1,1,0,0,0,0,0,hBertiniCaptureAtRest
135,28543,0,8,3,2,2,0,1,0,1,0,0,6,0,1,0.32713187287622986,0.0080367500213247237,0.32068687905585025,0.32068687905585025,0,0,1.1102230246251565e-16,2,0,0,0,0,0,0,hBertiniCaptureAtRest
136,908,0,8,3,2,2,0,1,0,1,0,0,12,0,1,0.30481456708506854,0.007488363674208103,0.30279147854970834,0.30279147854970834,0,0,2.2204460492503131e-16,2,0,0,0,0,0,0,hBertiniCaptureAtRest
137,2217,0,7,2,1,1,0,1,0,1,0,0,14,0,1,0.31048875624652061,0.0075406419088391826,0.30937087020240928,0.30937087020240928,0,0,1.3877787807814457e-17,1,0,0,0,0,0,0,hBertiniCaptureAtRest
138,0,0,8,2,1,1,0,1,0,1,0,0,23,0,1,0.28752535318654499,0.0070952288542792162,0.28689953761078713,0.28689953761078713,0,0,5.5511151231257827e-17,1,0,0,0,0,0,0,hBertiniCaptureAtRest
139,746,0,6,2,1,1,1,1,0,1,0,0,19,0,1,0.31708927139421272,0.007599787178241996,0.315786712808654,0.315786712808654,0,0,0,0,1,0,0,0,0,0,hBertiniCaptureAtRest
140,50,0,7,1,0,0,0,1,0,1,0,0,22,0,1,0.30938384235784072,0.0076039586730874296,0.30870603325991969,0.30870603325991969,0,0,0,0,0,0,0,0,0,0,hBertiniCaptureAtRest
141,1815,0,8,3,2,2,0,1,0,1,0,0,18,0,1,0.31828426503281193,0.0077405818910167923,0.31553115773587515,0.31553115773587515,0,0,0,2,0,0,0,0,0,0,hBertiniCaptureAtRest
142,2932,0,8,2,1,1,0,1,0,1,0,0,21,0,1,0.30928111501361838,0.0075621329834630602,0.30829744639478623,0.30829744639478623,0,0,3.3306690738754696e-16,1,0,0,0,0,0,0,hBertiniCaptureAtRest
143,1748,0,7,2,1,1,0,1,0,1,0,0,13,0,1,0.30912317277511814,0.007520840785956281,0.30822744427677778,0.30822744427677778,0,0,5.5511151231257827e-17,1,0,0,0,0,0,0,hBertiniCaptureAtRest
144,0,0,6,3,2,2,1,1,0,1,0,0,19,0,1,0.31990227502891905,0.0077108945171350547,0.3186398895839353,0.3186398895839353,0,0,2.2204460492503131e-16,1,1,0,0,0,0,0,hBertiniCaptureAtRest
145,1398,0,8,2,1,1,0,1,0,1,0,0,17,0,1,0.31306117377342302,0.0076826712117520684,0.31248638692938346,0.31248638692938346,0,0,5.5511151231257827e-17,1,0,0,0,0,0,0,hBertiniCaptureAtRest
146,0,0,8,2,1,1,0,1,0,1,0,0,20,0,1,0.3024856969019975,0.0075017280248162992,0.30138481918621396,0.30138481918621396,0,0,3.4694469519536142e-18,1,0,0,0,0,0,0,hBertiniCaptureAtRest
147,0,0,7,3,2,2,1,1,0,1,0,0,24,0,1,0.30822892886599457,0.0075272197445313081,0.30681311504631109,0.30681311504631109,0,0,1.1102230246251565e-16,1,1,0,0,0,0,0,hBertiniCaptureAtRest
148,30516,0,7,2,1,1,0,1,0,1,0,0,13,0,1,0.32274409769681739,0.0078426884431379157,0.32157021533985936,0.32157021533985936,0,0,4.3368086899420177e-19,1,0,0,0,0,0,0,hBertiniCaptureAtRest
149,2,0,7,1,0,0,0,1,0,1,0,0,16,0,1,0.31969540825851506,0.0078525563904092901,0.31916416717444124,0.31916416717444124,0,0,0,0,0,0,0,0,0,0,hBertiniCaptureAtRest
150,1291,0,8,3,2,2,0,1,0,1,0,0,16,0,1,0.32378006233711787,0.0079525026181728811,0.32286337615455402,0.32286337615455402,0,0,2.2204460492503131e-16,2,0,0,0,0,0,0,hBertiniCaptureAtRest
151,0,0,6,2,1,1,0,1,0,1,0,0,19,0,1,0.31810885861627547,0.0077834950999381373,0.31753136431345746,0.31753136431345746,0,0,2.2204460492503131e-16,1,0,0,0,0,0,0,hBertiniCaptureAtRest
152,30976,0,8,2,1,1,0,1,0,1,0,0,14,0,1,0.31636937134077331,0.0076247418812944116,0.31530134746119115,0.31530134746119115,0,0,0,1,0,0,0,0,0,0,hBertiniCaptureAtRest
153,2056,0,6,2,1,1,0,1,0,1,0,0,14,0,1,0.31977778368227261,0.0077929431467564569,0.31903856993662816,0.31903856993662816,0,0,0,1,0,0,0,0,0,0,hBertiniCaptureAtRest
154,0,0,8,2,1,1,0,1,0,1,0,0,23,0,1,0.31277513164227394,0.0076242363168233934,0.31133603522486575,0.31133603522486575,0,0,1.1102230246251565e-16,1,0,0,0,0,0,0,hBertiniCaptureAtRest
155,470,0,6,2,1,1,1,1,0,1,0,0,21,0,1,0.31543717128512583,0.0075647200050368594,0.31466803593081732,0.31466803593081732,0,0,0,0,1,0,0,0,0,0,hBertiniCaptureAtRest
156,0,0,9,5,4,4,1,1,0,1,0,0,21,0,1,0.31588788021097558,0.0077847484844939868,0.31337841367225727,0.31337841367225727,0,0,6.6613381477509392e-16,3,1,0,0,0,0,0,hBertiniCaptureAtRest
157,29906,0,7,2,1,1,1,1,0,1,0,0,8,0,1,0.33351157719735941,0.0081527527697203232,0.33246682273615702,0.33246682273615702,0,0,0,0,1,0,0,0,0,0,hBertiniCaptureAtRest
158,567,0,7,2,1,1,1,1,0,1,0,0,19,0,1,0.32160672402660456,0.0078831774931764995,0.32105468786302438,0.32105468786302438,0,0,0,0,1,0,0,0,0,0,hBertiniCaptureAtRest
159,0,0,7,2,1,1,0,1,0,1,0,0,16,0,1,0.32615959060512695,0.0078747975270897965,0.325501922864675,0.325501922864675,0,0,4.163336342344337e-17,1,0,0,0,0,0,0,hBertiniCaptureAtRest
160,0,0,6,2,1,1,0,1,0,1,0,0,17,0,1,0.33482086876567074,0.0080733924625564311,0.33305343054753223,0.33305343054753223,0,0,2.2204460492503131e-16,1,0,0,0,0,0,0,hBertiniCaptureAtRest
161,511,0,6,2,1,1,0,1,0,1,0,0,15,0,1,0.32467364402775067,0.0079111985978091142,0.32392867457828384,0.32392867457828384,0,0,5.5511151231257827e-17,1,0,0,0,0,0,0,hBertiniCaptureAtRest
162,29997,0,8,3,2,2,1,1,0,1,0,0,9,0,1,0.31979741310964704,0.0078240432302668465,0.31878945787646062,0.31878945787646062,0,0,0,1,1,0,0,0,0,0,hBertiniCaptureAtRest
163,752,0,12,2,1,1,0,1,0,1,0,0,18,0,1,0.29764499063552663,0.007418744047903685,0.29677008299307667,0.29677008299307667,0,0,8.6736173798840355e-19,1,0,0,0,0,0,0,hBertiniCaptureAtRest
164,365,0,8,2,1,1,0,1,0,1,0,0,15,0,1,0.30821861292168767,0.0076016487517866207,0.30732724939743594,0.30732724939743594,0,0,2.0816681711721685e-17,1,0,0,0,0,0,0,hBertiniCaptureAtRest
165,312,0,6,2,1,1,0,1,0,1,0,0,19,0,1,0.30941843716935968,0.0074544631447856962,0.30805882111316679,0.30805882111316679,0,0,0,1,0,0,0,0,0,0,hBertiniCaptureAtRest
166,1395,0,7,1,0,0,0,1,0,1,0,0,20,0,1,0.31990108708856108,0.0078686077721551711,0.31915416001914904,0.31915416001914904,0,0,0,0,0,0,0,0,0,0,hBertiniCaptureAtRest
167,21,0,10,3,2,2,0,1,0,1,0,0,29,0,1,0.28819306410621182,0.0072264266633836208,0.28443817902330831,0.28443817902330831,0,0,4.4408920985006262e-16,2,0,0,0,0,0,0,hBertiniCaptureAtRest
168,31575,0,6,2,1,1,0,1,0,1,0,0,9,0,1,0.32444526573426341,0.0077712417793697518,0.32367794384504656,0.32367794384504656,0,0,0,1,0,0,0,0,0,0,hBertiniCaptureAtRest
169,18,0,7,4,3,3,1,1,0,1,0,0,20,0,1,0.3281682082902645,0.0079978555008700068,0.32738007090529858,0.32738007090529858,0,0,6.6613381477509392e-16,2,1,0,0,0,0,0,hBertiniCaptureAtRest
170,29441,0,8,2,1,1,0,1,0,1,0,0,9,0,1,0.29090193770737516,0.0072016367745400059,0.28995931901828231,0.28995931901828231,0,0,1.1102230246251565e-16,1,0,0,0,0,0,0,hBertiniCaptureAtRest
171,955,0,6,3,2,2,0,1,0,1,0,0,13,0,1,0.31603646875763663,0.0076865898018407429,0.31480157021188937,0.31480157021188937,0,0,4.4408920985006262e-16,2,0,0,0,0,0,0,hBertiniCaptureAtRest
172,0,0,7,2,1,1,0,1,0,1,0,0,10,0,1,0.33096153618213853,0.0080350786510162905,0.3297351804487646,0.3297351804487646,0,0,5.5511151231257827e-17,1,0,0,0,0,0,0,hBertiniCaptureAtRest
173,815,0,7,2,1,1,0,1,0,1,0,0,12,0,1,0.31420932140426955,0.0076316637901576393,0.31353813434542721,0.31353813434542721,0,0,2.2204460492503131e-16,1,0,0,0,0,0,0,hBertiniCaptureAtRest
174,1660,0,7,3,2,2,1,1,0,1,0,0,22,0,1,0.320332258218258,0.0078615153516329774,0.31947115812698307,0.31947115812698307,0,0,0,1,1,0,0,0,0,0,hBertiniCaptureAtRest
175,0,0,8,1,0,0,0,1,0,1,0,0,24,0,1,0.30041530491152157,0.007438199619412781,0.29989329394174974,0.29989329394174974,0,0,0,0,0,0,0,0,0,0,hBertiniCaptureAtRest
176,49,0,7,4,3,3,1,1,0,1,0,0,16,0,1,0.29262794064266456,0.0071849429761833838,0.29168157788575516,0.29168157788575516,0,0,2.2204460492503131e-16,2,1,0,0,0,0,0,hBertiniCaptureAtRest
177,1897,0,8,3,2,2,0,1,0,1,0,0,22,0,1,0.29767151769777839,0.0072937194679521342,0.29631032802913621,0.29631032802913621,0,0,2.2204460492503131e-16,2,0,0,0,0,0,0,hBertiniCaptureAtRest
178,1542,0,10,2,1,1,0,1,0,1,0,0,22,0,1,0.2937043057076596,0.0073591744716668545,0.29281575548786848,0.29281575548786848,0,0,0,1,0,0,0,0,0,0,hBertiniCaptureAtRest
179,688,0,10,3,2,2,1,1,0,1,0,0,16,0,1,0.30792481057591425,0.007700611244591626,0.30702302506108198,0.30702302506108198,0,0,5.5511151231257827e-17,1,1,0,0,0,0,0,hBertiniCaptureAtRest
180,30110,0,6,2,1,1,1,1,0,1,0,0,7,0,1,0.31332722787234568,0.0076036860328595225,0.31244440137250695,0.31244440137250695,0,0,0,0,1,0,0,0,0,0,hBertiniCaptureAtRest
181,31182,0,9,3,2,2,1,1,0,1,0,0,13,0,1,0.30502702732105907,0.0075694302436061737,0.30408752096082425,0.30408752096082425,0,0,2.2204460492503131e-16,1,1,0,0,0,0,0,hBertiniCaptureAtRest
182,29658,0,8,3,2,2,1,1,0,1,0,0,13,0,1,0.30040439271680747,0.0074358667372541095,0.29940479980529899,0.29940479980529899,0,0,1.1102230246251565e-16,1,1,0,0,0,0,0,hBertiniCaptureAtRest
183,1505,0,6,1,0,0,0,1,0,1,0,0,14,0,1,0.31555882258673573,0.0076492884086998168,0.31483264004872635,0.31483264004872635,0,0,0,0,0,0,0,0,0,0,hBertiniCaptureAtRest
184,569,0,7,3,2,2,1,1,0,1,0,0,20,0,1,0.32594900510715652,0.0079740283996343458,0.32516448724462493,0.32516448724462493,0,0,1.1102230246251565e-16,1,1,0,0,0,0,0,hBertiniCaptureAtRest
185,1552,0,7,3,2,2,0,1,0,1,0,0,12,0,1,0.30867271397405227,0.0075758803828658754,0.30768663608854863,0.30768663608854863,0,0,2.2204460492503131e-16,2,0,0,0,0,0,0,hBertiniCaptureAtRest
186,2680,0,9,2,1,1,1,1,0,1,0,0,17,0,1,0.29250641711086428,0.0071377008360655339,0.29197159413534024,0.29197159413534024,0,0,0,0,1,0,0,0,0,0,hBertiniCaptureAtRest
187,1100,0,9,1,0,0,0,1,0,1,0,0,20,0,1,0.28999859622962765,0.0072278291109707845,0.28937971707639359,0.28937971707639359,0,0,0,0,0,0,0,0,0,0,hBertiniCaptureAtRest
188,0,0,6,2,1,1,0,1,0,1,0,0,20,0,1,0.3119191317004647,0.0075492041468667222,0.31026266698975985,0.31026266698975985,0,0,2.2204460492503131e-16,1,0,0,0,0,0,0,hBertiniCaptureAtRest
189,2250,0,6,3,2,2,0,1,0,1,0,0,19,0,1,0.3113674969393429,0.0075837347968409023,0.3099708721198286,0.3099708721198286,0,0,2.2204460492503131e-16,2,0,0,0,0,0,0,hBertiniCaptureAtRest
190,31058,0,10,3,2,2,0,1,0,1,0,0,9,0,1,0.29904440017397121,0.0075202366415287091,0.29779071414881092,0.29779071414881092,0,0,5.5511151231257827e-17,2,0,0,0,0,0,0,hBertiniCaptureAtRest
191,915,0,6,3,2,2,1,1,0,1,0,0,21,0,1,0.31713897767655397,0.0076657952353478579,0.31566951599812648,0.31566951599812648,0,0,0,1,1,0,0,0,0,0,hBertiniCaptureAtRest
192,2838,0,6,3,2,2,0,1,0,1,0,0,14,0,1,0.32222420101203136,0.0078324122080875788,0.31714091499265773,0.31714091499265773,0,0,2.2204460492503131e-16,2,0,0,0,0,0,0,hBertiniCaptureAtRest
193,28878,0,6,2,1,1,1,1,0,1,0,0,8,0,1,0.31853657812019026,0.0076621713790647221,0.31770780412797173,0.31770780412797173,0,0,0,0,1,0,0,0,0,0,hBertiniCaptureAtRest
194,0,0,5,2,1,1,0,1,0,1,0,0,21,0,1,0.31924817961761492,0.0076753134467299556,0.31856303358882726,0.31856303358882726,0,0,4.4408920985006262e-16,1,0,0,0,0,0,0,hBertiniCaptureAtRest
195,1073,0,7,2,1,1,0,1,0,1,0,0,18,0,1,0.31338577772407156,0.0076324851178850451,0.31224156802975994,0.31224156802975994,0,0,5.5511151231257827e-16,1,0,0,0,0,0,0,hBertiniCaptureAtRest
196,1580,0,7,3,2,2,1,1,0,1,0,0,20,0,1,0.30490596892659438,0.0075047203491668277,0.30368056529769943,0.30368056529769943,0,0,5.5511151231257827e-17,1,1,0,0,0,0,0,hBertiniCaptureAtRest
197,0,0,8,4,3,3,1,1,0,1,0,0,17,0,1,0.33140238494686769,0.0080625114218943819,0.33023675393344676,0.33023675393344676,0,0,4.4408920985006262e-16,2,1,0,0,0,0,0,hBertiniCaptureAtRest
198,0,0,8,4,3,3,1,1,0,1,0,0,14,0,1,0.31532776124939338,0.0077572364573075085,0.31326875830532969,0.31326875830532969,0,0,2.2204460492503131e-16,2,1,0,0,0,0,0,hBertiniCaptureAtRest
199,0,0,6,2,1,1,0,1,0,1,0,0,14,0,1,0.31080996905508612,0.007550681232934623,0.30994910321408936,0.30994910321408936,0,0,2.2204460492503131e-16,1,0,0,0,0,0,0,hBertiniCaptureAtRest
200,44,0,7,4,3,3,1,1,0,1,0,0,23,0,1,0.3277908872654724,0.0079262528362742304,0.32584934804570292,0.32584934804570292,0,0,2.2204460492503131e-16,2,1,0,0,0,0,0,hBertiniCaptureAtRest
201,0,0,7,3,2,2,0,1,0,1,0,0,21,0,1,0.3199800125307854,0.0078054633456337797,0.31854878436722966,0.31854878436722966,0,0,3.3306690738754696e-16,2,0,0,0,0,0,0,hBertiniCaptureAtRest
202,27329,0,5,3,2,2,1,1,0,1,0,0,10,0,1,0.32024524243773778,0.0076857344427695906,0.31706240945807856,0.31706240945807856,0,0,4.4408920985006262e-16,1,1,0,0,0,0,0,hBertiniCaptureAtRest
203,2069,0,6,3,2,2,1,1,0,1,0,0,19,0,1,0.30638588004176937,0.0075003479467898853,0.30413661405575643,0.30413661405575643,0,0,3.3306690738754696e-16,1,1,0,0,0,0,0,hBertiniCaptureAtRest
204,1003,0,6,3,2,2,0,1,0,1,0,0,10,0,1,0.31308052967156552,0.0075993444539547515,0.31251458114416891,0.31251458114416891,0,0,2.2204460492503131e-16,2,0,0,0,0,0,0,hBertiniCaptureAtRest
205,0,0,7,2,1,1,0,1,0,1,0,0,18,0,1,0.3144206277329476,0.0076352283742861828,0.31345177487708226,0.31345177487708226,0,0,8.6736173798840355e-19,1,0,0,0,0,0,0,hBertiniCaptureAtRest
206,923,0,5,2,1,1,1,1,0,1,0,0,16,0,1,0.31635681844524632,0.007568113107787283,0.31573928868122259,0.31573928868122259,0,0,0,0,1,0,0,0,0,0,hBertiniCaptureAtRest
207,0,0,6,1,0,0,0,1,0,1,0,0,14,0,1,0.30627086817147675,0.0073376058388324658,0.30558631592023294,0.30558631592023294,0,0,0,0,0,0,0,0,0,0,hBertiniCaptureAtRest
208,157,0,8,3,2,2,0,1,0,1,0,0,14,0,1,0.31404185830533515,0.0077492630357449644,0.31283028028765514,0.31283028028765514,0,0,5.5511151231257827e-17,2,0,0,0,0,0,0,hBertiniCaptureAtRest
209,1253,0,6,2,1,1,0,1,0,1,0,0,13,0,1,0.32388574542916304,0.0078190068522896693,0.32288747813809388,0.32288747813809388,0,0,0,1,0,0,0,0,0,0,hBertiniCaptureAtRest
210,0,0,8,3,2,2,0,1,0,1,0,0,20,0,1,0.3115583991207157,0.0076116287829610853,0.31042226944493195,0.31042226944493195,0,0,1.1102230246251565e-16,2,0,0,0,0,0,0,hBertiniCaptureAtRest
211,2465,0,8,3,2,2,1,1,0,1,0,0,23,0,1,0.3247232735332527,0.007872175429919236,0.3236219532806216,0.3236219532806216,0,0,8.8817841970012523e-16,1,1,0,0,0,0,0,hBertiniCaptureAtRest
212,30272,0,9,3,2,2,1,1,0,1,0,0,13,0,1,0.30847664569386585,0.0076246514201435966,0.30696463571749832,0.30696463571749832,0,0,5.5511151231257827e-17,1,1,0,0,0,0,0,hBertiniCaptureAtRest
213,30187,0,9,2,1,1,0,1,0,1,0,0,14,0,1,0.30369271866346559,0.0075589465810638927,0.30263098440048153,0.30263098440048153,0,0,8.6736173798840355e-19,1,0,0,0,0,0,0,hBertiniCaptureAtRest
214,31243,0,5,2,1,1,0,1,0,1,0,0,5,0,1,0.3195976655495022,0.0076742413872592863,0.31867830357101884,0.31867830357101884,0,0,5.5511151231257827e-17,1,0,0,0,0,0,0,hBertiniCaptureAtRest
215,1006,0,7,3,2,2,1,1,0,1,0,0,20,0,1,0.32104607732367502,0.0078303426480207158,0.31986603713582695,0.31986603713582695,0,0,1.1102230246251565e-16,1,1,0,0,0,0,0,hBertiniCaptureAtRest
216,0,0,7,3,2,2,1,1,0,1,0,0,13,0,1,0.30517601276610395,0.0074296849431306645,0.3024557160019769,0.3024557160019769,0,0,4.4408920985006262e-16,1,1,0,0,0,0,0,hBertiniCaptureAtRest
217,3013,0,7,3,2,2,0,1,0,1,0,0,15,0,1,0.3157341757085162,0.0077295503725975882,0.31340777518192769,0.31340777518192769,0,0,8.8817841970012523e-16,2,0,0,0,0,0,0,hBertiniCaptureAtRest
218,31845,0,8,3,2,2,0,1,0,1,0,0,13,0,1,0.31786806719587679,0.0078319512795490299,0.31518626626629903,0.31518626626629903,0,0,2.2204460492503131e-16,2,0,0,0,0,0,0,hBertiniCaptureAtRest
219,29650,0,6,1,0,0,0,1,0,1,0,0,10,0,1,0.30762438817826598,0.0074396143101340007,0.30642665068025482,0.30642665068025482,0,0,0,0,0,0,0,0,0,0,hBertiniCaptureAtRest
220,1259,0,6,2,1,1,0,1,0,1,0,0,21,0,1,0.30976370612718923,0.0075552536834808809,0.30750985917150386,0.30750985917150386,0,0,0,1,0,0,0,0,0,0,hBertiniCaptureAtRest
221,246,0,8,3,2,2,1,1,0,1,0,0,15,0,1,0.3327665818174767,0.0082327548987538909,0.33146431757869266,0.33146431757869266,0,0,0,1,1,0,0,0,0,0,hBertiniCaptureAtRest
222,477,0,6,3,2,2,1,1,0,1,0,0,20,0,1,0.31681952342531894,0.0076385153820211805,0.31558523090457591,0.31558523090457591,0,0,6.6613381477509392e-16,1,1,0,0,0,0,0,hBertiniCaptureAtRest
223,1609,0,7,3,2,2,1,1,0,1,0,0,17,0,1,0.31341886997800594,0.0075981047193593148,0.31250374456141161,0.31250374456141161,0,0,1.1102230246251565e-16,1,1,0,0,0,0,0,hBertiniCaptureAtRest
224,0,0,6,3,2,2,1,1,0,1,0,0,11,0,1,0.3330212914576911,0.008069552645368773,0.33225856001357856,0.33225856001357856,0,0,0,1,1,0,0,0,0,0,hBertiniCaptureAtRest
225,29910,0,6,3,2,2,1,1,0,1,0,0,7,0,1,0.31478561447596531,0.0076266685360712651,0.31367972550212347,0.31367972550212347,0,0,4.4408920985006262e-16,1,1,0,0,0,0,0,hBertiniCaptureAtRest
226,30774,0,7,1,0,0,0,1,0,1,0,0,13,0,1,0.31255517705162927,0.0076276388788175577,0.31172391610789385,0.31172391610789385,0,0,0,0,0,0,0,0,0,0,hBertiniCaptureAtRest
227,888,0,8,2,1,1,1,1,0,1,0,0,23,0,1,0.30420511764388797,0.0074510943107151898,0.30328417393556278,0.30328417393556278,0,0,0,0,1,0,0,0,0,0,hBertiniCaptureAtRest
228,30193,0,6,2,1,1,0,1,0,1,0,0,9,0,1,0.30826307615063414,0.0075045623259775854,0.30698669150856273,0.30698669150856273,0,0,1.1102230246251565e-16,1,0,0,0,0,0,0,hBertiniCaptureAtRest
229,31418,0,6,2,1,1,1,1,0,1,0,0,9,0,1,0.32148460498622022,0.0077781207532273584,0.31989620859607903,0.31989620859607903,0,0,0,0,1,0,0,0,0,0,hBertiniCaptureAtRest
230,30252,0,8,3,2,2,1,1,0,1,0,0,10,0,1,0.30629541752421768,0.0075578741941717325,0.30500671615487879,0.30500671615487879,0,0,0,1,1,0,0,0,0,0,hBertiniCaptureAtRest
231,30028,0,7,2,1,1,0,1,0,1,0,0,14,0,1,0.30506792211203992,0.0074023888111104576,0.30385942098591606,0.30385942098591606,0,0,2.2204460492503131e-16,1,0,0,0,0,0,0,hBertiniCaptureAtRest
232,3748,0,7,3,2,2,1,1,0,1,0,0,17,0,1,0.30031004740967082,0.0074537639318103498,0.29946706374995086,0.29946706374995086,0,0,1.6653345369377348e-16,1,1,0,0,0,0,0,hBertiniCaptureAtRest
233,1974,0,6,2,1,1,0,1,0,1,0,0,18,0,1,0.3165033426982502,0.0077002263267287423,0.31570487459358848,0.31570487459358848,0,0,0,1,0,0,0,0,0,0,hBertiniCaptureAtRest
234,3215,0,9,3,2,2,0,1,0,1,0,0,10,0,1,0.30839191188040105,0.0075741084254453105,0.30690637911232921,0.30690637911232921,0,0,2.2204460492503131e-16,2,0,0,0,0,0,0,hBertiniCaptureAtRest
235,0,0,8,2,1,1,0,1,0,1,0,0,19,0,1,0.32519193922591899,0.0077765496419293359,0.32395255607254614,0.32395255607254614,0,0,8.8817841970012523e-16,1,0,0,0,0,0,0,hBertiniCaptureAtRest
236,28408,0,5,3,2,2,1,1,0,1,0,0,6,0,1,0.33037525692695496,0.0079184448676631655,0.32870037933421437,0.32870037933421437,0,0,2.2204460492503131e-16,1,1,0,0,0,0,0,hBertiniCaptureAtRest
237,680,0,6,3,2,2,1,1,0,1,0,0,21,0,1,0.31259164774491599,0.0075966073959858205,0.31148119322853662,0.31148119322853662,0,0,0,1,1,0,0,0,0,0,hBertiniCaptureAtRest
238,0,0,7,1,0,0,0,1,0,1,0,0,15,0,1,0.31961712456476626,0.0078002863155351753,0.31859231865602572,0.31859231865602572,0,0,0,0,0,0,0,0,0,0,hBertiniCaptureAtRest
239,0,0,6,2,1,1,0,1,0,1,0,0,16,0,1,0.3157407234368641,0.0076540304426406169,0.31482066395221542,0.31482066395221542,0,0,1.1102230246251565e-16,1,0,0,0,0,0,0,hBertiniCaptureAtRest
240,486,0,6,2,1,1,1,1,0,1,0,0,19,0,1,0.32568118704983468,0.0078725343831719218,0.32496763550828045,0.32496763550828045,0,0,0,0,1,0,0,0,0,0,hBertiniCaptureAtRest
241,30584,0,7,2,1,1,1,1,0,1,0,0,6,0,1,0.3218836711790603,0.0079655628481561189,0.32100658803565407,0.32100658803565407,0,0,0,0,1,0,0,0,0,0,hBertiniCaptureAtRest
242,29809,0,7,2,1,1,0,1,0,1,0,0,15,0,1,0.32342858650453488,0.0078449819028823479,0.3223283556687363,0.3223283556687363,0,0,0,1,0,0,0,0,0,0,hBertiniCaptureAtRest
243,29849,0,8,3,2,2,1,1,0,1,0,0,14,0,1,0.29728714558414471,0.0073094975419294586,0.29571172542923363,0.29571172542923363,0,0,0,1,1,0,0,0,0,0,hBertiniCaptureAtRest
244,1446,0,7,2,1,1,0,1,0,1,0,0,23,0,1,0.32189710082905437,0.0078229493752839194,0.32109519224626049,0.32109519224626049,0,0,4.4408920985006262e-16,1,0,0,0,0,0,0,hBertiniCaptureAtRest
245,30823,0,8,2,1,1,0,1,0,1,0,0,15,0,1,0.30402842559497023,0.007500820433309182,0.30324451454057971,0.30324451454057971,0,0,5.5511151231257827e-17,1,0,0,0,0,0,0,hBertiniCaptureAtRest
246,1851,0,10,1,0,0,0,1,0,1,0,0,24,0,1,0.29988218195498484,0.0074612238567087564,0.29900560949856059,0.29900560949856059,0,0,0,0,0,0,0,0,0,0,hBertiniCaptureAtRest
247,29838,0,7,2,1,1,0,1,0,1,0,0,13,0,1,0.32002109321731387,0.0077855132430412633,0.31842116408037996,0.31842116408037996,0,0,0,1,0,0,0,0,0,0,hBertiniCaptureAtRest
248,0,0,7,2,1,1,1,1,0,1,0,0,13,0,1,0.31250003878753224,0.0076799528118146583,0.31127814501819839,0.31127814501819839,0,0,0,0,1,0,0,0,0,0,hBertiniCaptureAtRest
249,1444,0,6,2,1,1,0,1,0,1,0,0,21,0,1,0.30342560132780133,0.0073365813015003698,0.30282579643584212,0.30282579643584212,0,0,1.3877787807814457e-17,1,0,0,0,0,0,0,hBertiniCaptureAtRest
250,766,0,6,3,2,2,0,1,0,1,0,0,21,0,1,0.31701044616504143,0.0077207530713442937,0.31632142287679083,0.31632142287679083,0,0,0,2,0,0,0,0,0,0,hBertiniCaptureAtRest
251,0,0,8,3,2,2,1,1,0,1,0,0,19,0,1,0.29627138095795125,0.007323037380563076,0.2951035132843593,0.2951035132843593,0,0,4.4408920985006262e-16,1,1,0,0,0,0,0,hBertiniCaptureAtRest
252,2664,0,7,3,2,2,1,1,0,1,0,0,14,0,1,0.29524755279304166,0.0072530757719930419,0.29461653898088158,0.29461653898088158,0,0,4.4408920985006262e-16,1,1,0,0,0,0,0,hBertiniCaptureAtRest
253,349,0,8,3,2,2,0,1,0,1,0,0,19,0,1,0.3169347186956602,0.0077025216335585246,0.31569499874969015,0.31569499874969015,0,0,4.4408920985006262e-16,2,0,0,0,0,0,0,hBertiniCaptureAtRest
254,30717,0,10,2,1,1,0,1,0,1,0,0,14,0,1,0.31581712379185134,0.0078335034802327359,0.31452835510614141,0.31452835510614141,0,0,6.9388939039072284e-18,1,0,0,0,0,0,0,hBertiniCaptureAtRest
255,0,0,7,1,0,0,0,1,0,1,0,0,21,0,1,0.31413130615127666,0.0076893446868641496,0.31345071217349108,0.31345071217349108,0,0,0,0,0,0,0,0,0,0,hBertiniCaptureAtRest
256,1168,0,8,2,1,1,1,1,0,1,0,0,17,0,1,0.29961313463787215,0.0073374186192368789,0.29885250007461994,0.29885250007461994,0,0,0,0,1,0,0,0,0,0,hBertiniCaptureAtRest
257,0,0,7,3,2,2,1,1,0,1,0,0,17,0,1,0.31601980942443431,0.007727581683052159,0.31414960522902646,0.31414960522902646,0,0,0,1,1,0,0,0,0,0,hBertiniCaptureAtRest
258,463,0,7,2,1,1,1,1,0,1,0,0,19,0,1,0.31030866634307674,0.0076498568841665976,0.30914499505903653,0.30914499505903653,0,0,0,0,1,0,0,0,0,0,hBertiniCaptureAtRest
259,0,0,5,3,2,2,1,1,0,1,0,0,24,0,1,0.31286853246986429,0.0075057908576946731,0.30909082802430315,0.30909082802430315,0,0,4.4408920985006262e-16,1,1,0,0,0,0,0,hBertiniCaptureAtRest
260,1125,0,7,4,3,3,1,1,0,1,0,0,21,0,1,0.32251224179559063,0.0079585531024071298,0.32057757990513919,0.32057757990513919,0,0,2.2204460492503131e-16,2,1,0,0,0,0,0,hBertiniCaptureAtRest
261,319,0,8,2,1,1,0,1,0,1,0,0,20,0,1,0.3123027441451951,0.0076052984145985924,0.31127125006667394,0.31127125006667394,0,0,4.3368086899420177e-19,1,0,0,0,0,0,0,hBertiniCaptureAtRest
262,401,0,9,2,1,1,0,1,0,1,0,0,18,0,1,0.3179414236762596,0.0078681449905315965,0.31680652776587342,0.31680652776587342,0,0,2.7755575615628914e-17,1,0,0,0,0,0,0,hBertiniCaptureAtRest
263,1393,0,7,1,0,0,0,1,0,1,0,0,19,0,1,0.30429581877793477,0.0074793938918129308,0.30347882388665137,0.30347882388665137,0,0,0,0,0,0,0,0,0,0,hBertiniCaptureAtRest
264,1423,0,7,4,3,3,1,1,0,1,0,0,18,0,1,0.33232961720942228,0.0081449192813841786,0.33088136075804042,0.33088136075804042,0,0,4.4408920985006262e-16,2,1,0,0,0,0,0,hBertiniCaptureAtRest
265,1240,0,6,3,2,2,1,1,0,1,0,0,23,0,1,0.30475656776663701,0.0074006726857002488,0.30368305513689159,0.30368305513689159,0,0,0,1,1,0,0,0,0,0,hBertiniCaptureAtRest
266,573,0,7,1,0,0,0,1,0,1,0,0,22,0,1,0.3096374735398566,0.0075618483846213403,0.30904863459461746,0.30904863459461746,0,0,0,0,0,0,0,0,0,0,hBertiniCaptureAtRest
267,30298,0,12,4,3,3,1,1,0,1,0,0,11,0,1,0.28205066744295582,0.0070503952607835164,0.27999373347369999,0.27999373347369999,0,0,0,2,1,0,0,0,0,0,hBertiniCaptureAtRest
268,229,0,7,2,1,1,1,1,0,1,0,0,14,0,1,0.31648722893189002,0.0077598716777429336,0.31548718453403163,0.31548718453403163,0,0,0,0,1,0,0,0,0,0,hBertiniCaptureAtRest
269,30492,0,6,2,1,1,0,1,0,1,0,0,6,0,1,0.31996671889397477,0.0076707517077605871,0.31930109033257364,0.31930109033257364,0,0,3.3306690738754696e-16,1,0,0,0,0,0,0,hBertiniCaptureAtRest
270,308,0,8,4,3,3,1,1,0,1,0,0,20,0,1,0.30694548372553204,0.0075008974831730644,0.30496099907783014,0.30496099907783014,0,0,2.2204460492503131e-16,2,1,0,0,0,0,0,hBertiniCaptureAtRest
271,0,0,7,3,2,2,1,1,0,1,0,0,8,0,1,0.30822049991033723,0.007529720337026936,0.30501270722716656,0.30501270722716656,0,0,1.1102230246251565e-16,1,1,0,0,0,0,0,hBertiniCaptureAtRest
272,1069,0,6,3,2,2,1,1,0,1,0,0,16,0,1,0.30605487522926705,0.0074266486017922472,0.30474464536565726,0.30474464536565726,0,0,0,1,1,0,0,0,0,0,hBertiniCaptureAtRest
273,1917,0,8,3,2,2,1,1,0,1,0,0,20,0,1,0.31102183587194565,0.0076874705285422439,0.30988409562303071,0.30988409562303071,0,0,5.5511151231257827e-17,1,1,0,0,0,0,0,hBertiniCaptureAtRest
274,1244,0,5,2,1,1,0,1,0,1,0,0,9,0,1,0.31663222956450021,0.0076476310985722235,0.31559206179720745,0.31559206179720745,0,0,5.5511151231257827e-17,1,0,0,0,0,0,0,hBertiniCaptureAtRest
275,372,0,8,3,2,2,1,1,0,1,0,0,23,0,1,0.3229156395969876,0.0079041790047886615,0.3216600795616717,0.3216600795616717,0,0,2.7755575615628914e-17,1,1,0,0,0,0,0,hBertiniCaptureAtRest
276,29528,0,7,3,2,2,1,1,0,1,0,0,15,0,1,0.30740148875451273,0.0074873770696152276,0.30669793709274795,0.30669793709274795,0,0,1.1102230246251565e-16,1,1,0,0,0,0,0,hBertiniCaptureAtRest
277,0,0,7,3,2,2,0,1,0,1,0,0,22,0,1,0.32611841620642534,0.0079524453877837815,0.32487860833126891,0.32487860833126891,0,0,5.5511151231257827e-17,2,0,0,0,0,0,0,hBertiniCaptureAtRest
278,30940,0,8,2,1,1,0,1,0,1,0,0,11,0,1,0.29229891147582393,0.0071831624778283462,0.29127662437951696,0.29127662437951696,0,0,0,1,0,0,0,0,0,0,hBertiniCaptureAtRest
279,0,0,7,4,3,3,1,1,0,1,0,0,23,0,1,0.31633863309345123,0.0077258343353936989,0.31534472879994307,0.31534472879994307,0,0,2.2204460492503131e-16,2,1,0,0,0,0,0,hBertiniCaptureAtRest
280,0,0,11,3,2,2,0,1,0,1,0,0,27,0,1,0.30894535523601141,0.0077354749556358231,0.30767398377356731,0.30767398377356731,0,0,8.8817841970012523e-16,2,0,0,0,0,0,0,hBertiniCaptureAtRest
281,1428,0,6,3,2,2,1,1,0,1,0,0,24,0,1,0.30823167711125332,0.0074756794606420417,0.30602523904756379,0.30602523904756379,0,0,2.2204460492503131e-16,1,1,0,0,0,0,0,hBertiniCaptureAtRest
282,0,0,6,3,2,2,0,1,0,1,0,0,20,0,1,0.31541424340923296,0.0076098031737197426,0.31084935484419901,0.31084935484419901,0,0,1.1102230246251565e-16,2,0,0,0,0,0,0,hBertiniCaptureAtRest
283,31356,0,7,2,1,1,0,1,0,1,0,0,8,0,1,0.31353609001686428,0.0076674474713577974,0.31283144711283534,0.31283144711283534,0,0,0,1,0,0,0,0,0,0,hBertiniCaptureAtRest
284,2237,0,6,3,2,2,0,1,0,1,0,0,18,0,1,0.31888214973833512,0.0077309195255681204,0.31787657358505733,0.31787657358505733,0,0,4.4408920985006262e-16,2,0,0,0,0,0,0,hBertiniCaptureAtRest
285,28901,0,6,2,1,1,0,1,0,1,0,0,9,0,1,0.31727766737097862,0.0076946365678620676,0.31587438050932815,0.31587438050932815,0,0,0,1,0,0,0,0,0,0,hBertiniCaptureAtRest
286,27040,0,5,3,2,2,1,1,0,1,0,0,9,0,1,0.31248483700922308,0.0075216007742512289,0.31182283843466085,0.31182283843466085,0,0,4.4408920985006262e-16,1,1,0,0,0,0,0,hBertiniCaptureAtRest
287,29701,0,9,2,1,1,0,1,0,1,0,0,12,0,1,0.29624046731574832,0.0072800917104811312,0.29530461169798389,0.29530461169798389,0,0,1.1102230246251565e-16,1,0,0,0,0,0,0,hBertiniCaptureAtRest
288,1758,0,6,2,1,1,1,1,0,1,0,0,22,0,1,0.31390861174264523,0.0075414784826840662,0.31283526435194697,0.31283526435194697,0,0,0,0,1,0,0,0,0,0,hBertiniCaptureAtRest
289,30508,0,6,2,1,1,0,1,0,1,0,0,12,0,1,0.32879981869050928,0.0079955492954024484,0.32793281674792712,0.32793281674792712,0,0,1.6653345369377348e-16,1,0,0,0,0,0,0,hBertiniCaptureAtRest
290,279,0,7,3,2,2,1,1,0,1,0,0,20,0,1,0.31965396939336777,0.0078464122216319529,0.31763698992604533,0.31763698992604533,0,0,2.7755575615628914e-17,1,1,0,0,0,0,0,hBertiniCaptureAtRest
291,312,0,7,3,2,2,0,1,0,1,0,0,18,0,1,0.32171666159744028,0.0078466467572291723,0.32060835459750442,0.32060835459750442,0,0,8.8817841970012523e-16,2,0,0,0,0,0,0,hBertiniCaptureAtRest
292,695,0,8,4,3,3,1,1,0,1,0,0,23,0,1,0.32760861256467433,0.0080275374922031354,0.32404923980547462,0.32404923980547462,0,0,8.3266726846886741e-17,2,1,0,0,0,0,0,hBertiniCaptureAtRest
293,2186,0,8,1,0,0,0,1,0,1,0,0,24,0,1,0.30281427557169593,0.0075463424212915808,0.30197715902985367,0.30197715902985367,0,0,0,0,0,0,0,0,0,0,hBertiniCaptureAtRest
294,2163,0,6,2,1,1,0,1,0,1,0,0,12,0,1,0.32636281739770107,0.0078419444332192192,0.32510738394444755,0.32510738394444755,0,0,2.2204460492503131e-16,1,0,0,0,0,0,0,hBertiniCaptureAtRest
295,0,0,6,3,2,2,1,1,0,1,0,0,20,0,1,0.30146620342566344,0.0073126343757531406,0.29967661017637431,0.29967661017637431,0,0,0,1,1,0,0,0,0,0,hBertiniCaptureAtRest
296,29566,0,7,3,2,2,0,1,0,1,0,0,8,0,1,0.31403074823436955,0.0077011234328428057,0.31273559267906204,0.31273559267906204,0,0,8.6736173798840355e-19,2,0,0,0,0,0,0,hBertiniCaptureAtRest
297,497,0,6,3,2,2,0,1,0,1,0,0,18,0,1,0.30657630399488178,0.0074690342008822668,0.30588163891931852,0.30588163891931852,0,0,2.2204460492503131e-16,2,0,0,0,0,0,0,hBertiniCaptureAtRest
298,0,0,6,3,2,2,0,1,0,1,0,0,13,0,1,0.32643877427088291,0.0079229054697605421,0.32560482943586366,0.32560482943586366,0,0,4.4408920985006262e-16,2,0,0,0,0,0,0,hBertiniCaptureAtRest
299,0,0,7,3,2,2,0,1,0,1,0,0,18,0,1,0.30013279188104891,0.0073425792922995944,0.29570847980814918,0.29570847980814918,0,0,2.2204460492503131e-16,2,0,0,0,0,0,0,hBertiniCaptureAtRest
300,29825,0,7,3,2,2,0,1,0,1,0,0,6,0,1,0.30939715371161264,0.0075600047587115393,0.30782645148307652,0.30782645148307652,0,0,1.1102230246251565e-16,2,0,0,0,0,0,0,hBertiniCaptureAtRest
301,30629,0,7,2,1,1,0,1,0,1,0,0,10,0,1,0.30392037300595992,0.0073293745593226746,0.30276047977338144,0.30276047977338144,0,0,2.2204460492503131e-16,1,0,0,0,0,0,0,hBertiniCaptureAtRest
302,29944,0,10,3,2,2,1,1,0,1,0,0,11,0,1,0.30459362029552267,0.0074772850785134182,0.30343117872096287,0.30343117872096287,0,0,2.2204460492503131e-16,1,1,0,0,0,0,0,hBertiniCaptureAtRest
303,294,0,8,3,2,2,1,1,0,1,0,0,20,0,1,0.31735285665489316,0.0077453911293622136,0.3162735117919403,0.3162735117919403,0,0,0,1,1,0,0,0,0,0,hBertiniCaptureAtRest
304,387,0,8,2,1,1,0,1,0,1,0,0,19,0,1,0.3057290916131955,0.0075843223347723853,0.30478505729142441,0.30478505729142441,0,0,2.0816681711721685e-17,1,0,0,0,0,0,0,hBertiniCaptureAtRest
305,28630,0,7,3,2,2,1,1,0,1,0,0,11,0,1,0.3038630624931814,0.0074568509271160811,0.3031278234242003,0.3031278234242003,0,0,0,1,1,0,0,0,0,0,hBertiniCaptureAtRest
306,304,0,5,2,1,1,0,1,0,1,0,0,13,0,1,0.31825592014432214,0.0076798148573152319,0.31715441548028223,0.31715441548028223,0,0,0,1,0,0,0,0,0,0,hBertiniCaptureAtRest
307,17,0,7,3,2,2,1,1,0,1,0,0,19,0,1,0.30766020713445313,0.0075317341575420627,0.30563448080966721,0.30563448080966721,0,0,0,1,1,0,0,0,0,0,hBertiniCaptureAtRest
308,89,0,5,1,0,0,0,1,0,1,0,0,12,0,1,0.32347670041370347,0.0077308141972422164,0.32283699343859218,0.32283699343859218,0,0,0,0,0,0,0,0,0,0,hBertiniCaptureAtRest
309,5884,0,9,2,1,1,0,1,0,1,0,0,13,0,1,0.31886950442431528,0.0079594126647618609,0.31818176892967226,0.31818176892967226,0,0,3.4694469519536142e-18,1,0,0,0,0,0,0,hBertiniCaptureAtRest
310,29921,0,6,3,2,2,0,1,0,1,0,0,7,0,1,0.30699942308064709,0.0075428601267096152,0.30055155503582365,0.30055155503582365,0,0,2.7755575615628914e-17,2,0,0,0,0,0,0,hBertiniCaptureAtRest
311,3365,0,6,2,1,1,1,1,0,1,0,0,16,0,1,0.31251905587399059,0.0075819002262591554,0.31194738636061686,0.31194738636061686,0,0,0,0,1,0,0,0,0,0,hBertiniCaptureAtRest
312,0,0,7,2,1,1,0,1,0,1,0,0,14,0,1,0.31038295885764816,0.0075321043146041504,0.30919678236724929,0.30919678236724929,0,0,2.7755575615628914e-17,1,0,0,0,0,0,0,hBertiniCaptureAtRest
313,490,0,6,3,2,2,1,1,0,1,0,0,13,0,1,0.32224820627081963,0.0078440181244216495,0.32061399751493197,0.32061399751493197,0,0,1.1102230246251565e-16,1,1,0,0,0,0,0,hBertiniCaptureAtRest
314,2930,0,8,3,2,2,0,1,0,1,0,0,14,0,1,0.32199305798273159,0.0079090988057941587,0.32047785761364711,0.32047785761364711,0,0,1.1102230246251565e-16,2,0,0,0,0,0,0,hBertiniCaptureAtRest
315,30807,0,9,2,1,1,0,1,0,1,0,0,18,0,1,0.2928988025459851,0.0072999763861467809,0.29162921974893041,0.29162921974893041,0,0,0,1,0,0,0,0,0,0,hBertiniCaptureAtRest
316,3903,0,9,3,2,2,1,1,0,1,0,0,20,0,1,0.3205714139571067,0.0079387436135939567,0.31942819854508858,0.31942819854508858,0,0,1.6653345369377348e-16,1,1,0,0,0,0,0,hBertiniCaptureAtRest
317,30063,0,7,2,1,1,0,1,0,1,0,0,9,0,1,0.32068510974125269,0.0077089456115252376,0.31945375049635072,0.31945375049635072,0,0,4.4408920985006262e-16,1,0,0,0,0,0,0,hBertiniCaptureAtRest
318,0,0,7,3,2,2,1,1,0,1,0,0,14,0,1,0.31292701639794379,0.0076190252636370685,0.31149029907452153,0.31149029907452153,0,0,2.2204460492503131e-16,1,1,0,0,0,0,0,hBertiniCaptureAtRest
319,30798,0,7,4,3,3,1,1,0,1,0,0,9,0,1,0.33481077708717083,0.0081719626403036066,0.33185791345676013,0.33185791345676013,0,0,0,2,1,0,0,0,0,0,hBertiniCaptureAtRest
320,2634,0,7,4,3,3,1,1,0,1,0,0,20,0,1,0.31817146496965409,0.0077682104946224699,0.31681711056309358,0.31681711056309358,0,0,2.2204460492503131e-16,2,1,0,0,0,0,0,hBertiniCaptureAtRest
321,1687,0,5,3,2,2,1,1,0,1,0,0,17,0,1,0.32268309548783503,0.0077487484744744994,0.32167621366739568,0.32167621366739568,0,0,0,1,1,0,0,0,0,0,hBertiniCaptureAtRest
322,0,0,6,2,1,1,0,1,0,1,0,0,22,0,1,0.30617021895222074,0.0074244826969091949,0.30534847288137695,0.30534847288137695,0,0,6.6613381477509392e-16,1,0,0,0,0,0,0,hBertiniCaptureAtRest
323,0,0,5,3,2,2,1,1,0,1,0,0,19,0,1,0.32796521292468228,0.0078530353802379674,0.22038129083880476,0.22038129083880476,0,0,6.6613381477509392e-16,1,1,0,0,0,0,0,hBertiniCaptureAtRest
324,922,0,6,3,2,2,1,1,0,1,0,0,10,0,1,0.32151256963096164,0.0077411402703241872,0.3207002873728117,0.3207002873728117,0,0,2.2204460492503131e-16,1,1,0,0,0,0,0,hBertiniCaptureAtRest
325,29356,0,7,1,0,0,0,1,0,1,0,0,14,0,1,0.30732430755957957,0.007569725667552183,0.30665580065326054,0.30665580065326054,0,0,0,0,0,0,0,0,0,0,hBertiniCaptureAtRest
326,30510,0,10,2,1,1,0,1,0,1,0,0,13,0,1,0.3174954316305324,0.007872071002561409,0.31635653461400121,0.31635653461400121,0,0,2.1684043449710089e-19,1,0,0,0,0,0,0,hBertiniCaptureAtRest
327,0,0,7,2,1,1,0,1,0,1,0,0,22,0,1,0.3246926943691229,0.0079310224174702036,0.32366653407253054,0.32366653407253054,0,0,0,1,0,0,0,0,0,0,hBertiniCaptureAtRest
328,1968,0,9,1,0,0,0,1,0,1,0,0,15,0,1,0.3146044427231503,0.0077963892182298516,0.31352180991975315,0.31352180991975315,0,0,0,0,0,0,0,0,0,0,hBertiniCaptureAtRest
329,0,0,7,3,2,2,1,1,0,1,0,0,19,0,1,0.30070313163065759,0.0073431522318314468,0.30004556945795596,0.30004556945795596,0,0,2.2204460492503131e-16,1,1,0,0,0,0,0,hBertiniCaptureAtRest
330,29252,0,6,3,2,2,0,1,0,1,0,0,10,0,1,0.32271775911309297,0.007748776836584776,0.32167582275043372,0.32167582275043372,0,0,6.6613381477509392e-16,2,0,0,0,0,0,0,hBertiniCaptureAtRest
331,748,0,9,2,1,1,1,1,0,1,0,0,26,0,1,0.30341586077428495,0.0074923529016071751,0.30278687811535981,0.30278687811535981,0,0,0,0,1,0,0,0,0,0,hBertiniCaptureAtRest
332,31228,0,7,2,1,1,1,1,0,1,0,0,13,0,1,0.31596100507845165,0.0077832130813007038,0.31535432411400244,0.31535432411400244,0,0,0,0,1,0,0,0,0,0,hBertiniCaptureAtRest
333,1156,0,8,1,0,0,0,1,0,1,0,0,23,0,1,0.31621048985057615,0.0077811125228829173,0.31551700346304223,0.31551700346304223,0,0,0,0,0,0,0,0,0,0,hBertiniCaptureAtRest
334,30603,0,6,2,1,1,0,1,0,1,0,0,8,0,1,0.31683578265610229,0.0077324483555378815,0.31579877477144874,0.31579877477144874,0,0,6.6613381477509392e-16,1,0,0,0,0,0,0,hBertiniCaptureAtRest
335,29099,0,7,4,3,3,1,1,0,1,0,0,11,0,1,0.320514444206081,0.0078159597822596502,0.31945924825395766,0.31945924825395766,0,0,0,2,1,0,0,0,0,0,hBertiniCaptureAtRest
336,1750,0,8,3,2,2,1,1,0,1,0,0,18,0,1,0.31378132364776889,0.0076723367686698648,0.31247852343071136,0.31247852343071136,0,0,1.6653345369377348e-16,1,1,0,0,0,0,0,hBertiniCaptureAtRest
337,1278,0,8,3,2,2,1,1,0,1,0,0,13,0,1,0.30454049804289851,0.0075425932629544163,0.30383055523305236,0.30383055523305236,0,0,4.4408920985006262e-16,1,1,0,0,0,0,0,hBertiniCaptureAtRest
338,49,0,8,2,1,1,0,1,0,1,0,0,20,0,1,0.30215095959074567,0.007451760859456362,0.29887814696127085,0.29887814696127085,0,0,2.2204460492503131e-16,1,0,0,0,0,0,0,hBertiniCaptureAtRest
339,29717,0,7,2,1,1,0,1,0,1,0,0,10,0,1,0.31208776919317333,0.0076273904620478162,0.31127384151549514,0.31127384151549514,0,0,0,1,0,0,0,0,0,0,hBertiniCaptureAtRest
340,839,0,8,2,1,1,0,1,0,1,0,0,18,0,1,0.31938084867539962,0.0077472803128108853,0.31797296140292158,0.31797296140292158,0,0,4.3368086899420177e-19,1,0,0,0,0,0,0,hBertiniCaptureAtRest
341,450,0,5,2,1,1,1,1,0,1,0,0,17,0,1,0.33253513682197555,0.0079761085250666195,0.33148753207830611,0.33148753207830611,0,0,0,0,1,0,0,0,0,0,hBertiniCaptureAtRest
342,29710,0,6,3,2,2,1,1,0,1,0,0,11,0,1,0.32325181359518257,0.0079073175486013957,0.32224769291498179,0.32224769291498179,0,0,0,1,1,0,0,0,0,0,hBertiniCaptureAtRest
343,2636,0,9,2,1,1,0,1,0,1,0,0,16,0,1,0.31458692553687573,0.0076972940390083889,0.31318016061075166,0.31318016061075166,0,0,2.2204460492503131e-16,1,0,0,0,0,0,0,hBertiniCaptureAtRest
344,180,0,7,2,1,1,0,1,0,1,0,0,25,0,1,0.3090317332498479,0.0075871639101862311,0.30809869980385934,0.30809869980385934,0,0,1.6653345369377348e-16,1,0,0,0,0,0,0,hBertiniCaptureAtRest
345,28670,0,6,1,0,0,0,1,0,1,0,0,6,0,1,0.32862377466538073,0.007897064131619877,0.32787768027515185,0.32787768027515185,0,0,0,0,0,0,0,0,0,0,hBertiniCaptureAtRest
346,0,0,9,3,2,2,0,1,0,1,0,0,16,0,1,0.3210307644574607,0.0078317466338630789,0.31971203493738592,0.31971203493738592,0,0,4.3368086899420177e-19,2,0,0,0,0,0,0,hBertiniCaptureAtRest
347,111,0,8,3,2,2,1,1,0,1,0,0,20,0,1,0.32762364783912901,0.0079834342800289421,0.32632394963697503,0.32632394963697503,0,0,6.9388939039072284e-18,1,1,0,0,0,0,0,hBertiniCaptureAtRest
348,30437,0,6,2,1,1,0,1,0,1,0,0,17,0,1,0.31363151901251773,0.007579280827089919,0.31237135503824742,0.31237135503824742,0,0,1.1102230246251565e-16,1,0,0,0,0,0,0,hBertiniCaptureAtRest
349,0,0,9,4,3,3,0,1,0,1,0,0,16,0,1,0.3155708542792221,0.0078330969361668206,0.31021145776562564,0.31021145776562564,0,0,2.2204460492503131e-16,3,0,0,0,0,0,0,hBertiniCaptureAtRest
350,29465,0,5,3,2,2,1,1,0,1,0,0,5,0,1,0.33322051524690888,0.0079512744981052562,0.33195512735116578,0.33195512735116578,0,0,2.2204460492503131e-16,1,1,0,0,0,0,0,hBertiniCaptureAtRest
351,633,0,6,2,1,1,0,1,0,1,0,0,25,0,1,0.30915442336854049,0.0074817753359127433,0.30851316402247714,0.30851316402247714,0,0,1.1102230246251565e-16,1,0,0,0,0,0,0,hBertiniCaptureAtRest
352,0,0,7,2,1,1,1,1,0,1,0,0,22,0,1,0.32096894354649491,0.0077934231606026881,0.32008927530915982,0.32008927530915982,0,0,0,0,1,0,0,0,0,0,hBertiniCaptureAtRest
353,2292,0,7,2,1,1,1,1,0,1,0,0,18,0,1,0.31953244840148864,0.0076329995854113311,0.31885867699619708,0.31885867699619708,0,0,0,0,1,0,0,0,0,0,hBertiniCaptureAtRest
354,2336,0,7,2,1,1,0,1,0,1,0,0,22,0,1,0.31789739794870953,0.0077211032178314907,0.31651246797871518,0.31651246797871518,0,0,2.2204460492503131e-16,1,0,0,0,0,0,0,hBertiniCaptureAtRest
355,248,0,8,3,2,2,0,1,0,1,0,0,14,0,1,0.32341548098674633,0.008001918326206876,0.32191244478665354,0.32191244478665354,0,0,5.5511151231257827e-17,2,0,0,0,0,0,0,hBertiniCaptureAtRest
356,29175,0,8,3,2,2,1,1,0,1,0,0,10,0,1,0.30935378050196988,0.0076088207501640416,0.3079240186937201,0.3079240186937201,0,0,8.3266726846886741e-17,1,1,0,0,0,0,0,hBertiniCaptureAtRest
357,0,0,9,3,2,2,1,1,0,1,0,0,26,0,1,0.30328184788092072,0.0076006108966771464,0.30150943593007662,0.30150943593007662,0,0,1.1102230246251565e-16,1,1,0,0,0,0,0,hBertiniCaptureAtRest
358,0,0,6,3,2,2,0,1,0,1,0,0,14,0,1,0.32303730291497901,0.0078107235797766194,0.32202493066176641,0.32202493066176641,0,0,2.7755575615628914e-17,2,0,0,0,0,0,0,hBertiniCaptureAtRest
359,3861,0,8,4,3,3,1,1,0,1,0,0,17,0,1,0.30416622080756989,0.0075785330370036503,0.30267202892254336,0.30267202892254336,0,0,8.8817841970012523e-16,2,1,0,0,0,0,0,hBertiniCaptureAtRest
360,31462,0,7,3,2,2,1,1,0,1,0,0,6,0,1,0.32634795114293852,0.0079707428784934198,0.32544889649944025,0.32544889649944025,0,0,0,1,1,0,0,0,0,0,hBertiniCaptureAtRest
361,0,0,8,3,2,2,1,1,0,1,0,0,15,0,1,0.30451357940200724,0.0075451077017871047,0.30345641646713167,0.30345641646713167,0,0,2.2204460492503131e-16,1,1,0,0,0,0,0,hBertiniCaptureAtRest
362,0,0,5,1,0,0,0,1,0,1,0,0,17,0,1,0.32706448241816916,0.0078660170019378937,0.32611744163253448,0.32611744163253448,0,0,0,0,0,0,0,0,0,0,hBertiniCaptureAtRest
363,318,0,7,2,1,1,0,1,0,1,0,0,21,0,1,0.31747669210324853,0.0077597776030489517,0.3164148278228191,0.3164148278228191,0,0,1.1102230246251565e-16,1,0,0,0,0,0,0,hBertiniCaptureAtRest
364,1208,0,11,3,2,2,1,1,0,1,0,0,22,0,1,0.31030949851147249,0.0078030966364690604,0.30883854388856952,0.30883854388856952,0,0,1.7347234759768071e-18,1,1,0,0,0,0,0,hBertiniCaptureAtRest
365,953,0,6,1,0,0,0,1,0,1,0,0,18,0,1,0.30936467862784284,0.0075470168761299543,0.30868484472051394,0.30868484472051394,0,0,0,0,0,0,0,0,0,0,hBertiniCaptureAtRest
366,0,0,8,4,3,3,0,1,0,1,0,0,17,0,1,0.31535007365498513,0.0077514368300980654,0.31085034262144945,0.31085034262144945,0,0,2.2204460492503131e-16,3,0,0,0,0,0,0,hBertiniCaptureAtRest
367,1672,0,5,3,2,2,1,1,0,1,0,0,19,0,1,0.32077847305213975,0.0076937671700116426,0.31990550441917565,0.31990550441917565,0,0,0,1,1,0,0,0,0,0,hBertiniCaptureAtRest
368,439,0,6,2,1,1,0,1,0,1,0,0,22,0,1,0.31824553277250622,0.0076936552880806945,0.31650588853926837,0.31650588853926837,0,0,0,1,0,0,0,0,0,0,hBertiniCaptureAtRest
369,0,0,8,1,0,0,0,1,0,1,0,0,23,0,1,0.30359043926661355,0.0075246859583707974,0.30306450936180723,0.30306450936180723,0,0,0,0,0,0,0,0,0,0,hBertiniCaptureAtRest
370,179,0,9,2,1,1,0,1,0,1,0,0,23,0,1,0.31177833421365264,0.0076226386601305233,0.31090325987041423,0.31090325987041423,0,0,0,1,0,0,0,0,0,0,hBertiniCaptureAtRest
371,2197,0,7,3,2,2,0,1,0,1,0,0,9,0,1,0.32967675763052551,0.007950924053773005,0.32785864084541544,0.32785896415182553,0,0,2.2204460492503131e-16,2,0,0,0,0,0,0,hBertiniCaptureAtRest
372,140,0,8,2,1,1,0,1,0,1,0,0,11,0,1,0.30629085463288808,0.0075288001859054078,0.30514870202637973,0.30514870202637973,0,0,0,1,0,0,0,0,0,0,hBertiniCaptureAtRest
373,1487,0,7,3,2,2,1,1,0,1,0,0,21,0,1,0.32011817883261467,0.0077293317707003394,0.31892455821847815,0.31892455821847815,0,0,0,1,1,0,0,0,0,0,hBertiniCaptureAtRest
374,1074,0,5,1,0,0,0,1,0,1,0,0,13,0,1,0.30426989659073156,0.0073520061804556325,0.30366878963885491,0.30366878963885491,0,0,0,0,0,0,0,0,0,0,hBertiniCaptureAtRest
375,30327,0,6,2,1,1,0,1,0,1,0,0,9,0,1,0.31237483524540821,0.0075696276207887162,0.31117865701205266,0.31117865701205266,0,0,0,1,0,0,0,0,0,0,hBertiniCaptureAtRest
376,1065,0,6,3,2,2,1,1,0,1,0,0,15,0,1,0.32036167439140301,0.0077859117836744773,0.31895651032029609,0.31895651032029609,0,0,1.6653345369377348e-16,1,1,0,0,0,0,0,hBertiniCaptureAtRest
377,0,0,6,2,1,1,0,1,0,1,0,0,15,0,1,0.32219750201385627,0.0078210682718962976,0.32158782823178161,0.32158782823178161,0,0,1.6653345369377348e-16,1,0,0,0,0,0,0,hBertiniCaptureAtRest
378,0,0,7,2,1,1,0,1,0,1,0,0,16,0,1,0.31422506334143663,0.007777356955892446,0.31310393832128652,0.31310393832128652,0,0,2.0816681711721685e-17,1,0,0,0,0,0,0,hBertiniCaptureAtRest
379,28771,0,6,2,1,1,0,1,0,1,0,0,8,0,1,0.31755943816658289,0.0076974710147468886,0.31641069262130589,0.31641069262130589,0,0,0,1,0,0,0,0,0,0,hBertiniCaptureAtRest
380,30037,0,8,2,1,1,0,1,0,1,0,0,19,0,1,0.29869945159084649,0.0073869405023673316,0.29780217954489274,0.29780217954489274,0,0,6.9388939039072284e-18,1,0,0,0,0,0,0,hBertiniCaptureAtRest
381,31554,0,6,2,1,1,0,1,0,1,0,0,7,0,1,0.31087484731257992,0.0075096434573262497,0.30952987172666541,0.30952987172666541,0,0,6.9388939039072284e-18,1,0,0,0,0,0,0,hBertiniCaptureAtRest
382,29494,0,8,2,1,1,0,1,0,1,0,0,12,0,1,0.3127550384848059,0.0076220405744854558,0.31166302254019951,0.31166302254019951,0,0,1.6653345369377348e-16,1,0,0,0,0,0,0,hBertiniCaptureAtRest
383,1910,0,7,3,2,2,0,1,0,1,0,0,13,0,1,0.31382125271289429,0.0076430894629399265,0.31286550059642065,0.31286550059642065,0,0,2.2204460492503131e-16,2,0,0,0,0,0,0,hBertiniCaptureAtRest
384,29006,0,9,3,2,2,0,1,0,1,0,0,15,0,1,0.29942458373085146,0.0073709194507245775,0.29831641526936131,0.29831641526936131,0,0,8.6736173798840355e-19,2,0,0,0,0,0,0,hBertiniCaptureAtRest
385,761,0,7,3,2,2,1,1,0,1,0,0,19,0,1,0.32298820232982817,0.0078639309526131861,0.32139213168376962,0.32139213168376962,0,0,1.1102230246251565e-16,1,1,0,0,0,0,0,hBertiniCaptureAtRest
386,334,0,9,1,0,0,0,1,0,1,0,0,17,0,1,0.28212479684879249,0.0069614761198926517,0.28116742036727044,0.28116742036727044,0,0,0,0,0,0,0,0,0,0,hBertiniCaptureAtRest
387,29530,0,6,2,1,1,0,1,0,1,0,0,9,0,1,0.31769174067119405,0.0077582755392710916,0.31699608387601508,0.31699608387601508,0,0,5.5511151231257827e-17,1,0,0,0,0,0,0,hBertiniCaptureAtRest
388,29185,0,6,2,1,1,1,1,0,1,0,0,16,0,1,0.31114892102919295,0.0075553316955602069,0.31039624572630753,0.31039624572630753,0,0,0,0,1,0,0,0,0,0,hBertiniCaptureAtRest
389,0,0,8,2,1,1,1,1,0,1,0,0,16,0,1,0.31317573071600618,0.0076978937459602761,0.31212619081668264,0.31212619081668264,0,0,0,0,1,0,0,0,0,0,hBertiniCaptureAtRest
390,1185,0,4,2,1,1,0,1,0,0,1,0,9,0,1,0.28088763624577234,0.0063748502539648774,0.28017076400302865,0.28017076400302865,0,0,0,1,0,0,0,0,0,0,pi-Inelastic
391,1503,0,7,2,1,1,0,1,0,1,0,0,18,0,1,0.31828838037486262,0.0077608429091609431,0.31744130508917262,0.31744130508917262,0,0,2.7755575615628914e-17,1,0,0,0,0,0,0,hBertiniCaptureAtRest
392,1121,0,7,2,1,1,1,1,0,1,0,0,22,0,1,0.305891584843139,0.0074683879220727349,0.30489994927323583,0.30489994927323583,0,0,0,0,1,0,0,0,0,0,hBertiniCaptureAtRest
393,2315,0,8,4,3,3,0,1,0,1,0,0,18,0,1,0.31391718908310551,0.0076878239876692215,0.31225905733692727,0.31225905733692727,0,0,1.1102230246251565e-16,3,0,0,0,0,0,0,hBertiniCaptureAtRest
394,3383,0,10,2,1,1,1,1,0,1,0,0,19,0,1,0.3092414210903473,0.0076548613066956149,0.30850222537255073,0.30850222537255073,0,0,0,0,1,0,0,0,0,0,hBertiniCaptureAtRest
395,0,0,5,3,2,2,1,1,0,1,0,0,16,0,1,0.31354194872177815,0.0075635299382810252,0.3112651300346404,0.3112651300346404,0,0,2.2204460492503131e-16,1,1,0,0,0,0,0,hBertiniCaptureAtRest
396,1539,0,6,2,1,1,0,1,0,1,0,0,19,0,1,0.3081155088272165,0.0075100492290376469,0.30700667836126838,0.30700667836126838,0,0,4.4408920985006262e-16,1,0,0,0,0,0,0,hBertiniCaptureAtRest
397,30816,0,9,3,2,2,1,1,0,1,0,0,14,0,1,0.31375550972200855,0.0077243038460818904,0.31248287557951249,0.31248287557951249,0,0,1.6653345369377348e-16,1,1,0,0,0,0,0,hBertiniCaptureAtRest
398,1599,0,5,3,2,2,1,1,0,1,0,0,17,0,1,0.31534734514206836,0.007600433406730037,0.31386356539379706,0.31386356539379706,0,0,6.6613381477509392e-16,1,1,0,0,0,0,0,hBertiniCaptureAtRest
399,767,0,7,1,0,0,0,1,0,1,0,0,21,0,1,0.311052711112349,0.0075278936529846723,0.31037259148818391,0.31037259148818391,0,0,0,0,0,0,0,0,0,0,hBertiniCaptureAtRest
400,29124,0,5,3,2,2,1,1,0,1,0,0,6,0,1,0.32386790854562025,0.0077563191735373861,0.32233661268641617,0.32233661268641617,0,0,2.2204460492503131e-16,1,1,0,0,0,0,0,hBertiniCaptureAtRest
401,28382,0,9,3,2,2,1,1,0,1,0,0,12,0,1,0.29760545154911866,0.0072334339745689629,0.2966384778801085,0.2966384778801085,0,0,2.2204460492503131e-16,1,1,0,0,0,0,0,hBertiniCaptureAtRest
402,29981,0,8,4,3,3,1,1,0,1,0,0,12,0,1,0.30799467690646959,0.0076197426555820857,0.30628877896016071,0.30628877896016071,0,0,2.2204460492503131e-16,2,1,0,0,0,0,0,hBertiniCaptureAtRest
403,0,0,8,4,3,3,1,1,0,1,0,0,19,0,1,0.31679533725892828,0.0076559995003686494,0.31494277987635955,0.31494277987635955,0,0,4.4408920985006262e-16,2,1,0,0,0,0,0,hBertiniCaptureAtRest
404,28570,0,7,3,2,2,0,1,0,1,0,0,9,0,1,0.33502617756621872,0.0081549043284981602,0.33087852580408833,0.33087852580408833,0,0,2.2204460492503131e-16,2,0,0,0,0,0,0,hBertiniCaptureAtRest
405,0,0,9,5,4,4,1,1,0,1,0,0,24,0,1,0.3077487508853457,0.0076247604202337336,0.3062175747466962,0.3062175747466962,0,0,4.4408920985006262e-16,3,1,0,0,0,0,0,hBertiniCaptureAtRest
406,31510,0,6,2,1,1,0,1,0,1,0,0,11,0,1,0.31450953020112427,0.0075023716179534981,0.31323033405920847,0.31323033405920847,0,0,2.2204460492503131e-16,1,0,0,0,0,0,0,hBertiniCaptureAtRest
407,611,0,6,2,1,1,1,1,0,1,0,0,18,0,1,0.33350438896953205,0.008053489625591527,0.33220294611957324,0.33220294611957324,0,0,0,0,1,0,0,0,0,0,hBertiniCaptureAtRest
408,265,0,6,2,1,1,0,1,0,1,0,0,13,0,1,0.31724558341599746,0.0077101753458140186,0.31620025478166053,0.31620025478166053,0,0,0,1,0,0,0,0,0,0,hBertiniCaptureAtRest
409,0,0,5,2,1,1,0,1,0,1,0,0,22,0,1,0.3157511496352835,0.0075979588375949788,0.31493507102772478,0.31493507102772478,0,0,1.1102230246251565e-16,1,0,0,0,0,0,0,hBertiniCaptureAtRest
410,1995,0,7,2,1,1,0,1,0,1,0,0,19,0,1,0.30655077174594708,0.0075409720062673512,0.30594078674373421,0.30594078674373421,0,0,1.6653345369377348e-16,1,0,0,0,0,0,0,hBertiniCaptureAtRest
411,30851,0,8,2,1,1,0,1,0,1,0,0,9,0,1,0.30935011136943896,0.0076265826389413441,0.30843516918693731,0.30843516918693731,0,0,8.6736173798840355e-19,1,0,0,0,0,0,0,hBertiniCaptureAtRest
412,2510,0,7,1,0,0,0,1,0,1,0,0,15,0,1,0.30644258893070059,0.0074757932761560023,0.30534478102126639,0.30534478102126639,0,0,0,0,0,0,0,0,0,0,hBertiniCaptureAtRest
413,29489,0,7,3,2,2,1,1,0,1,0,0,10,0,1,0.31133580266256417,0.0075357057799844496,0.31019027850288278,0.31019027850288278,0,0,0,1,1,0,0,0,0,0,hBertiniCaptureAtRest
414,30670,0,6,1,0,0,0,1,0,1,0,0,11,0,1,0.30455498664955966,0.0074530583779087445,0.30348008667339071,0.30348008667339071,0,0,0,0,0,0,0,0,0,0,hBertiniCaptureAtRest
415,30613,0,8,4,3,3,0,1,0,1,0,0,7,0,1,0.32888291172157302,0.0080441427345102207,0.32743055443020147,0.32743055443020147,0,0,6.5052130349130266e-19,3,0,0,0,0,0,0,hBertiniCaptureAtRest
416,29122,0,7,2,1,1,0,1,0,1,0,0,7,0,1,0.31052216821287976,0.0076014072322378931,0.30926410228002571,0.30926410228002571,0,0,1.1102230246251565e-16,1,0,0,0,0,0,0,hBertiniCaptureAtRest
417,806,0,9,2,1,1,0,1,0,1,0,0,26,0,1,0.30595067158121314,0.0076170868988949918,0.3035810263649506,0.3035810263649506,0,0,5.5511151231257827e-17,1,0,0,0,0,0,0,hBertiniCaptureAtRest
418,1326,0,7,3,2,2,0,1,0,1,0,0,19,0,1,0.30339621296309355,0.007426961384068384,0.30177513117302218,0.30177513117302218,0,0,4.4408920985006262e-16,2,0,0,0,0,0,0,hBertiniCaptureAtRest
419,0,0,7,3,2,2,1,1,0,1,0,0,23,0,1,0.29837883931022824,0.0072839321747902412,0.29691839813658782,0.29691839813658782,0,0,2.2204460492503131e-16,1,1,0,0,0,0,0,hBertiniCaptureAtRest
420,1489,0,7,2,1,1,0,1,0,1,0,0,23,0,1,0.31151367648496892,0.0075114239689624534,0.31084167044993277,0.31084167044993277,0,0,0,1,0,0,0,0,0,0,hBertiniCaptureAtRest
421,0,0,7,4,3,3,1,1,0,1,0,0,20,0,1,0.31618513432953088,0.0077232460967788059,0.31426390289041756,0.3142880889478456,0,0,6.9388939039072284e-18,2,1,0,0,0,0,0,hBertiniCaptureAtRest
422,29884,0,5,2,1,1,0,1,0,1,0,0,13,0,1,0.32392891274183888,0.0077303250745281125,0.32331826141735687,0.32331826141735687,0,0,1.1102230246251565e-16,1,0,0,0,0,0,0,hBertiniCaptureAtRest
423,30640,0,6,2,1,1,0,1,0,1,0,0,13,0,1,0.31834436003867483,0.0077581941184106714,0.3175464508873389,0.3175464508873389,0,0,0,1,0,0,0,0,0,0,hBertiniCaptureAtRest
424,1,0,6,3,2,2,1,1,0,1,0,0,19,0,1,0.30752605357635282,0.0074453411646739484,0.30641295766855092,0.30641295766855092,0,0,0,1,1,0,0,0,0,0,hBertiniCaptureAtRest
425,5729,0,6,3,2,2,0,1,0,1,0,0,20,0,1,0.32737272059084593,0.0079630825515851177,0.32632605048671975,0.32632605048671975,0,0,6.6613381477509392e-16,2,0,0,0,0,0,0,hBertiniCaptureAtRest
426,0,0,6,3,2,2,1,1,0,1,0,0,22,0,1,0.3120282513922088,0.0075168296770735665,0.31144252887948815,0.31144252887948815,0,0,0,1,1,0,0,0,0,0,hBertiniCaptureAtRest
427,30499,0,10,3,2,2,1,1,0,1,0,0,16,0,1,0.29828239082268354,0.0075047961656202825,0.29766320258243978,0.29766320258243978,0,0,2.2204460492503131e-16,1,1,0,0,0,0,0,hBertiniCaptureAtRest
428,726,0,7,4,3,3,1,1,0,1,0,0,17,0,1,0.32714147676810673,0.0079925243547728508,0.32492506578497438,0.32492506578497438,0,0,2.2204460492503131e-16,2,1,0,0,0,0,0,hBertiniCaptureAtRest
429,651,0,6,2,1,1,0,1,0,1,0,0,12,0,1,0.32056134538343539,0.0077395507717921775,0.31954399492175639,0.31954399492175639,0,0,2.6020852139652106e-18,1,0,0,0,0,0,0,hBertiniCaptureAtRest
430,1093,0,9,1,0,0,0,1,0,1,0,0,22,0,1,0.30152920200979771,0.0073278634842517771,0.30069954768862373,0.30069954768862373,0,0,0,0,0,0,0,0,0,0,hBertiniCaptureAtRest
431,29575,0,6,2,1,1,0,1,0,1,0,0,8,0,1,0.30623197828742893,0.0073748305394663828,0.30549328741922815,0.30549328741922815,0,0,2.2204460492503131e-16,1,0,0,0,0,0,0,hBertiniCaptureAtRest
432,287,0,9,3,2,2,0,1,0,1,0,0,20,0,1,0.30094260919153815,0.0073634217372681981,0.29949446218939252,0.29949446218939252,0,0,1.1102230246251565e-16,2,0,0,0,0,0,0,hBertiniCaptureAtRest
433,31542,0,5,1,0,0,0,1,0,1,0,0,6,0,1,0.31293725239132369,0.0075370002055289917,0.31236712932685418,0.31236712932685418,0,0,0,0,0,0,0,0,0,0,hBertiniCaptureAtRest
434,0,0,8,3,2,2,0,1,0,1,0,0,18,0,1,0.31590250381897594,0.0077745280953865053,0.31475351260961171,0.31475351260961171,0,0,1.6653345369377348e-16,2,0,0,0,0,0,0,hBertiniCaptureAtRest
435,205,0,9,3,2,2,0,1,0,1,0,0,16,0,1,0.30209100315436455,0.0074816104800193295,0.29268185409901482,0.29268185409901482,0,0,4.4408920985006262e-16,2,0,0,0,0,0,0,hBertiniCaptureAtRest
436,895,0,8,2,1,1,0,1,0,1,0,0,16,0,1,0.3178329153604425,0.0077049195040782264,0.31645320177434927,0.31645320177434927,0,0,5.5511151231257827e-17,1,0,0,0,0,0,0,hBertiniCaptureAtRest
437,541,0,6,3,2,2,0,1,0,1,0,0,22,0,1,0.30198402109041084,0.0073523126800628122,0.30055246778612177,0.30055246778612177,0,0,2.2204460492503131e-16,2,0,0,0,0,0,0,hBertiniCaptureAtRest
438,28903,0,7,1,0,0,0,1,0,1,0,0,7,0,1,0.31663836576964755,0.0077351970995457858,0.31558324486530381,0.31558324486530381,0,0,0,0,0,0,0,0,0,0,hBertiniCaptureAtRest
439,30058,0,6,3,2,2,1,1,0,1,0,0,11,0,1,0.31769870371048897,0.0076924943190279441,0.31689955007427389,0.31689955007427389,0,0,4.4408920985006262e-16,1,1,0,0,0,0,0,hBertiniCaptureAtRest
440,45,0,8,3,2,2,1,1,0,1,0,0,14,0,1,0.30200878298428341,0.0073963355262081035,0.30058891122921155,0.30058891122921155,0,0,2.2204460492503131e-16,1,1,0,0,0,0,0,hBertiniCaptureAtRest
441,29385,0,8,3,2,2,0,1,0,1,0,0,6,0,1,0.31350025318090052,0.0076953257921494878,0.31195537488018327,0.3119717892684315,0,0,5.5511151231257827e-17,2,0,0,0,0,0,0,hBertiniCaptureAtRest
442,1536,0,5,3,2,2,1,1,0,1,0,0,15,0,1,0.31827442555941066,0.0077079672078996858,0.3172013222622988,0.3172013222622988,0,0,4.4408920985006262e-16,1,1,0,0,0,0,0,hBertiniCaptureAtRest
443,409,0,5,1,0,0,0,1,0,1,0,0,14,0,1,0.32228701523813075,0.0077561118687732812,0.32158931946501107,0.32158931946501107,0,0,0,0,0,0,0,0,0,0,hBertiniCaptureAtRest
444,0,0,7,2,1,1,0,1,0,1,0,0,17,0,1,0.32312132245686831,0.0078094333442051307,0.32081370902386314,0.32081370902386314,0,0,1.1102230246251565e-16,1,0,0,0,0,0,0,hBertiniCaptureAtRest
445,29814,0,8,3,2,2,0,1,0,1,0,0,13,0,1,0.30904010463722742,0.0075194104911034867,0.30778489407765652,0.30778489407765652,0,0,2.1684043449710089e-19,2,0,0,0,0,0,0,hBertiniCaptureAtRest
446,30804,0,6,1,0,0,0,1,0,1,0,0,10,0,1,0.32245227616713751,0.0078105346368995141,0.32182745195802465,0.32182745195802465,0,0,0,0,0,0,0,0,0,0,hBertiniCaptureAtRest
447,29952,0,6,2,1,1,0,1,0,1,0,0,5,0,1,0.33846899647212586,0.0082170039425428377,0.33722400503522693,0.33722400503522693,0,0,0,1,0,0,0,0,0,0,hBertiniCaptureAtRest
448,514,0,8,1,0,0,0,1,0,1,0,0,14,0,1,0.30723942316485031,0.0075678529896767762,0.30649479773505917,0.30649479773505917,0,0,0,0,0,0,0,0,0,0,hBertiniCaptureAtRest
449,860,0,8,3,2,2,0,1,0,1,0,0,13,0,1,0.3136243720166107,0.0077914789241659635,0.31117117589379534,0.31121067730741481,0,0,1.1102230246251565e-16,2,0,0,0,0,0,0,hBertiniCaptureAtRest
450,31359,0,7,3,2,2,0,1,0,1,0,0,11,0,1,0.3246209214384333,0.0078567612725571577,0.32353071706881437,0.32353071706881437,0,0,2.2204460492503131e-16,2,0,0,0,0,0,0,hBertiniCaptureAtRest
451,0,0,7,3,2,2,1,1,0,1,0,0,20,0,1,0.3317555990556868,0.0080553670868744875,0.33039202814380408,0.33039202814380408,0,0,0,1,1,0,0,0,0,0,hBertiniCaptureAtRest
452,851,0,7,3,2,2,1,1,0,1,0,0,19,0,1,0.30704359251769792,0.0074878314471932498,0.30625523687517503,0.30625523687517503,0,0,2.2204460492503131e-16,1,1,0,0,0,0,0,hBertiniCaptureAtRest
453,30136,0,6,2,1,1,0,1,0,1,0,0,5,0,1,0.31790191340504925,0.0076947909628641946,0.31713235642131132,0.31713235642131132,0,0,2.7755575615628914e-17,1,0,0,0,0,0,0,hBertiniCaptureAtRest
454,2873,0,8,1,0,0,0,1,0,1,0,0,22,0,1,0.29688516309886609,0.0073451472037979609,0.29568054623633716,0.29568054623633716,0,0,0,0,0,0,0,0,0,0,hBertiniCaptureAtRest
455,0,0,5,3,2,2,1,1,0,1,0,0,9,0,1,0.31717625585531695,0.0076301895725780361,0.3153557934007109,0.3153557934007109,0,0,4.4408920985006262e-16,1,1,0,0,0,0,0,hBertiniCaptureAtRest
456,1732,0,8,3,2,2,1,1,0,1,0,0,19,0,1,0.30967682547698672,0.0076124380671196258,0.30861671336543123,0.30861671336543123,0,0,5.5511151231257827e-17,1,1,0,0,0,0,0,hBertiniCaptureAtRest
457,1396,0,6,3,2,2,0,1,0,1,0,0,17,0,1,0.30459470356931356,0.0073828778067113786,0.30373251154307923,0.30373251154307923,0,0,4.4408920985006262e-16,2,0,0,0,0,0,0,hBertiniCaptureAtRest
458,38,0,6,3,2,2,0,1,0,1,0,0,19,0,1,0.31312177115015699,0.0075504778819681512,0.31180302618144773,0.31180302618144773,0,0,1.1102230246251565e-16,2,0,0,0,0,0,0,hBertiniCaptureAtRest
459,1302,0,7,2,1,1,1,1,0,1,0,0,18,0,1,0.31983048691481092,0.0079135751217920148,0.3191549626409616,0.3191549626409616,0,0,0,0,1,0,0,0,0,0,hBertiniCaptureAtRest
460,29811,0,5,2,1,1,0,1,0,1,0,0,13,0,1,0.325504218277688,0.0077767044671946638,0.32460313696324106,0.32460313696324106,0,0,1.1102230246251565e-16,1,0,0,0,0,0,0,hBertiniCaptureAtRest
461,586,0,7,3,2,2,0,1,0,1,0,0,15,0,1,0.31485148763117959,0.0077680962839151808,0.31394957319012917,0.31394957319012917,0,0,1.1102230246251565e-16,2,0,0,0,0,0,0,hBertiniCaptureAtRest
462,29699,0,7,3,2,2,1,1,0,1,0,0,14,0,1,0.30464648138451222,0.0074434039039060502,0.30341736582981005,0.30341736582981005,0,0,1.1102230246251565e-16,1,1,0,0,0,0,0,hBertiniCaptureAtRest
463,3208,0,8,3,2,2,1,1,0,1,0,0,22,0,1,0.31646087539131068,0.0077734223787898956,0.31510567207771023,0.31510567207771023,0,0,0,1,1,0,0,0,0,0,hBertiniCaptureAtRest
464,2042,0,7,2,1,1,1,1,0,1,0,0,17,0,1,0.31193365207653928,0.0076061716819887425,0.30953750132453622,0.30953750132453622,0,0,0,0,1,0,0,0,0,0,hBertiniCaptureAtRest
465,2027,0,9,2,1,1,0,1,0,1,0,0,21,0,1,0.30813823450726413,0.0076397517021069951,0.30722805659870889,0.30722805659870889,0,0,1.0408340855860843e-17,1,0,0,0,0,0,0,hBertiniCaptureAtRest
466,670,0,6,3,2,2,0,1,0,1,0,0,12,0,1,0.3114180466209977,0.0076117063068429133,0.3102015904016614,0.3102015904016614,0,0,8.6736173798840355e-19,2,0,0,0,0,0,0,hBertiniCaptureAtRest
467,1702,0,8,1,0,0,0,1,0,1,0,0,20,0,1,0.31980787044729764,0.0078488876678011205,0.31795655168615239,0.31795655168615239,0,0,0,0,0,0,0,0,0,0,hBertiniCaptureAtRest
468,996,0,8,2,1,1,1,1,0,1,0,0,10,0,1,0.32701874628959704,0.0080348453442941857,0.32603890780592687,0.32603890780592687,0,0,0,0,1,0,0,0,0,0,hBertiniCaptureAtRest
469,1724,0,8,3,2,2,0,1,0,1,0,0,18,0,1,0.31251941715905168,0.0078344060191022202,0.30952180840662835,0.30952180840662835,0,0,1.7347234759768071e-18,2,0,0,0,0,0,0,hBertiniCaptureAtRest
470,1098,0,7,2,1,1,0,1,0,1,0,0,20,0,1,0.31934152014067463,0.0077958287989601483,0.31787791199195964,0.31787791199195964,0,0,0,1,0,0,0,0,0,0,hBertiniCaptureAtRest
471,0,0,8,3,2,2,0,1,0,1,0,0,25,0,1,0.31096413936100681,0.0076351631235597305,0.30480133078964955,0.30480133078964955,0,0,4.4408920985006262e-16,2,0,0,0,0,0,0,hBertiniCaptureAtRest
472,0,0,7,2,1,1,0,1,0,1,0,0,18,0,1,0.30669146813963305,0.0074144101271864651,0.30573515297098924,0.30573515297098924,0,0,6.9388939039072284e-18,1,0,0,0,0,0,0,hBertiniCaptureAtRest
473,0,0,7,1,0,0,0,1,0,1,0,0,17,0,1,0.3229259645090295,0.0078666845899869851,0.3218358814444518,0.3218358814444518,0,0,0,0,0,0,0,0,0,0,hBertiniCaptureAtRest
474,51,0,6,2,1,1,1,1,0,1,0,0,16,0,1,0.32479537718898133,0.0078647328572152442,0.3240440000117969,0.3240440000117969,0,0,0,0,1,0,0,0,0,0,hBertiniCaptureAtRest
475,29839,0,7,3,2,2,1,1,0,1,0,0,11,0,1,0.32500385280989308,0.0079688477874584624,0.32409687953986754,0.32409687953986754,0,0,0,1,1,0,0,0,0,0,hBertiniCaptureAtRest
476,1485,0,8,3,2,2,0,1,0,1,0,0,22,0,1,0.29827675452097457,0.0074209380871069156,0.28718879956675475,0.28718879956675475,0,0,2.2204460492503131e-16,2,0,0,0,0,0,0,hBertiniCaptureAtRest
477,30614,0,6,3,2,2,0,1,0,1,0,0,10,0,1,0.30601065429294838,0.0074098199837185665,0.30527150028650013,0.30527150028650013,0,0,4.4408920985006262e-16,2,0,0,0,0,0,0,hBertiniCaptureAtRest
478,235,0,6,2,1,1,0,1,0,1,0,0,14,0,1,0.31406089499416928,0.0075705432095777604,0.31329325821201864,0.31329325821201864,0,0,2.2204460492503131e-16,1,0,0,0,0,0,0,hBertiniCaptureAtRest
479,0,0,6,2,1,1,0,1,0,1,0,0,21,0,1,0.31533043341410938,0.0076972460106251002,0.31454406676939761,0.31454406676939761,0,0,1.1102230246251565e-16,1,0,0,0,0,0,0,hBertiniCaptureAtRest
480,30199,0,8,2,1,1,1,1,0,1,0,0,11,0,1,0.29833952717069617,0.0074133879462977541,0.29748899135189,0.29748899135189,0,0,0,0,1,0,0,0,0,0,hBertiniCaptureAtRest
481,30641,0,6,2,1,1,0,1,0,1,0,0,9,0,1,0.31116137889402601,0.0075346562408547821,0.30958109045733845,0.30958109045733845,0,0,1.1102230246251565e-16,1,0,0,0,0,0,0,hBertiniCaptureAtRest
482,28786,0,6,1,0,0,0,1,0,1,0,0,16,0,1,0.32899033580120857,0.0078693540905697447,0.32833784642129771,0.32833784642129771,0,0,0,0,0,0,0,0,0,0,hBertiniCaptureAtRest
483,917,0,8,3,2,2,1,1,0,1,0,0,21,0,1,0.30419387721349395,0.0074960842672482297,0.30319955830636863,0.30319955830636863,0,0,4.4408920985006262e-16,1,1,0,0,0,0,0,hBertiniCaptureAtRest
484,0,0,8,3,2,2,1,1,0,1,0,0,14,0,1,0.32921883750045,0.0080903034809679149,0.32812324059895237,0.32812324059895237,0,0,5.5511151231257827e-17,1,1,0,0,0,0,0,hBertiniCaptureAtRest
485,293,0,6,2,1,1,1,1,0,1,0,0,16,0,1,0.3099369713698284,0.0074941727891293559,0.30879294345455954,0.30879294345455954,0,0,0,0,1,0,0,0,0,0,hBertiniCaptureAtRest
486,1384,0,8,3,2,2,0,1,0,1,0,0,23,0,1,0.32244008409676667,0.0079103695368757908,0.3212052240141019,0.3212052240141019,0,0,2.2204460492503131e-16,2,0,0,0,0,0,0,hBertiniCaptureAtRest
487,31071,0,8,3,2,2,1,1,0,1,0,0,10,0,1,0.3035131650481403,0.0075863783146396238,0.30214839543249539,0.30214839543249539,0,0,5.5511151231257827e-17,1,1,0,0,0,0,0,hBertiniCaptureAtRest
488,2862,0,8,2,1,1,0,1,0,1,0,0,19,0,1,0.30690155975197603,0.0076034454420331517,0.30617021643167419,0.30617021643167419,0,0,0,1,0,0,0,0,0,0,hBertiniCaptureAtRest
489,468,0,8,4,3,3,1,1,0,1,0,0,19,0,1,0.31901094729753288,0.007808597877289737,0.31749550593805981,0.31749550593805981,0,0,4.4408920985006262e-16,2,1,0,0,0,0,0,hBertiniCaptureAtRest
490,293,0,7,2,1,1,0,1,0,1,0,0,14,0,1,0.30202130228938384,0.0074615247571928212,0.30117633008701677,0.30117633008701677,0,0,2.2204460492503131e-16,1,0,0,0,0,0,0,hBertiniCaptureAtRest
491,0,0,8,2,1,1,0,1,0,1,0,0,22,0,1,0.29857541857325098,0.0073528751373615918,0.29804190845449335,0.29804190845449335,0,0,2.2204460492503131e-16,1,0,0,0,0,0,0,hBertiniCaptureAtRest
492,1790,0,6,1,0,0,0,1,0,1,0,0,17,0,1,0.32777202323103649,0.0079556070115404734,0.32701137736103481,0.32701137736103481,0,0,0,0,0,0,0,0,0,0,hBertiniCaptureAtRest
493,31487,0,5,2,1,1,0,1,0,1,0,0,15,0,1,0.32792298461696723,0.00785758074394142,0.32723942942916717,0.32723942942916717,0,0,1.1102230246251565e-16,1,0,0,0,0,0,0,hBertiniCaptureAtRest
494,29458,0,9,2,1,1,0,1,0,1,0,0,11,0,1,0.30489604705527334,0.0073731020275329658,0.30401441527580947,0.30401441527580947,0,0,6.6613381477509392e-16,1,0,0,0,0,0,0,hBertiniCaptureAtRest
495,29929,0,6,2,1,1,0,1,0,1,0,0,7,0,1,0.31446912050620429,0.0076011324597158592,0.31358326905691947,0.31358326905691947,0,0,0,1,0,0,0,0,0,0,hBertiniCaptureAtRest
496,30497,0,6,1,0,0,0,1,0,1,0,0,9,0,1,0.31028880049947416,0.0074734473250361276,0.30977443059824572,0.30977443059824572,0,0,0,0,0,0,0,0,0,0,hBertiniCaptureAtRest
497,30507,0,7,2,1,1,0,1,0,1,0,0,11,0,1,0.31994577255218615,0.0078256516098038041,0.31816808616016418,0.31816808616016418,0,0,0,1,0,0,0,0,0,0,hBertiniCaptureAtRest
498,28156,0,6,2,1,1,0,1,0,1,0,0,6,0,1,0.32599888999453469,0.0078077522256634032,0.32505378053967893,0.32505378053967893,0,0,0,1,0,0,0,0,0,0,hBertiniCaptureAtRest
499,29405,0,7,3,2,2,1,1,0,1,0,0,10,0,1,0.30169216689956291,0.0074200119413255061,0.3007623201554448,0.3007623201554448,0,0,0,1,1,0,0,0,0,0,hBertiniCaptureAtRest
